marketName,action,usdcAmount,tokenAmount,tokenName,timestamp
"Bitcoin Up or Down - April 16, 9:15AM-9:20AM ET",Buy,1.7232,3.59,Down,1776345322
"Bitcoin Up or Down - April 16, 9:15AM-9:20AM ET",Buy,0.6768,1.41,Down,1776345320
"Bitcoin Up or Down - April 16, 9:15AM-9:20AM ET",Buy,2.4,5,Up,1776345242
"Bitcoin Up or Down - April 16, 9:10AM-9:15AM ET",Buy,2.4,5,Down,1776345084
"Bitcoin Up or Down - April 16, 9:10AM-9:15AM ET",Buy,2.45,5,Down,1776345046
"Bitcoin Up or Down - April 16, 9:10AM-9:15AM ET",Buy,2.4,5,Up,1776344872
"Bitcoin Up or Down - April 16, 9:10AM-9:15AM ET",Buy,2.45,5,Up,1776344842
"Bitcoin Up or Down - April 16, 9:05AM-9:10AM ET",Buy,2.4,5,Up,1776344540
"Bitcoin Up or Down - April 16, 8:40AM-8:45AM ET",Buy,2.45,5,Down,1776343398
"Bitcoin Up or Down - April 16, 8:45AM-8:50AM ET",Buy,2.45,5,Down,1776343348
"Bitcoin Up or Down - April 16, 8:40AM-8:45AM ET",Buy,2.45,5,Up,1776342960
"Bitcoin Up or Down - April 16, 8:35AM-8:40AM ET",Buy,2.4,5,Down,1776342908
"Bitcoin Up or Down - April 16, 8:35AM-8:40AM ET",Buy,2.45,5,Down,1776342908
"Bitcoin Up or Down - April 16, 8:35AM-8:40AM ET",Buy,2.4,5,Up,1776342718
"Bitcoin Up or Down - April 16, 8:35AM-8:40AM ET",Buy,2.45,5,Up,1776342686
"Bitcoin Up or Down - April 16, 8:25AM-8:30AM ET",Buy,2.4,5,Down,1776342316
"Bitcoin Up or Down - April 16, 8:25AM-8:30AM ET",Buy,0.912,1.9,Up,1776342198
"Bitcoin Up or Down - April 16, 8:25AM-8:30AM ET",Buy,1.488,3.1,Up,1776342196
"Bitcoin Up or Down - April 16, 8:20AM-8:25AM ET",Buy,2.4,5,Down,1776342014
"Bitcoin Up or Down - April 16, 8:20AM-8:25AM ET",Buy,1.6656,3.47,Up,1776341892
"Bitcoin Up or Down - April 16, 8:20AM-8:25AM ET",Buy,0.7344,1.53,Up,1776341888
"Bitcoin Up or Down - April 15, 8:00AM-8:05AM ET",Buy,2.4,5,Up,1776254272
"Bitcoin Up or Down - April 15, 7:50AM-7:55AM ET",Buy,2.4,5,Down,1776253810
"Bitcoin Up or Down - April 15, 7:50AM-7:55AM ET",Buy,2.4,5,Up,1776253772
"Bitcoin Up or Down - April 15, 7:45AM-7:50AM ET",Buy,2.4,5,Down,1776253510
"Bitcoin Up or Down - April 15, 7:45AM-7:50AM ET",Buy,0.6528,1.36,Up,1776253504
"Bitcoin Up or Down - April 15, 7:45AM-7:50AM ET",Buy,1.7472,3.64,Up,1776253504
"Bitcoin Up or Down - April 15, 7:40AM-7:45AM ET",Buy,2.4,5,Up,1776253290
"Bitcoin Up or Down - April 15, 7:40AM-7:45AM ET",Buy,2.4,5,Down,1776253122
"Bitcoin Up or Down - April 15, 7:35AM-7:40AM ET",Buy,2.4,5,Down,1776252906
"Bitcoin Up or Down - April 15, 7:35AM-7:40AM ET",Buy,1.44,3,Up,1776252904
"Bitcoin Up or Down - April 15, 7:35AM-7:40AM ET",Buy,0.96,2,Up,1776252904
"Bitcoin Up or Down - April 15, 7:30AM-7:35AM ET",Buy,2.4,5,Down,1776252620
"Bitcoin Up or Down - April 15, 7:30AM-7:35AM ET",Buy,2.4,5,Up,1776252604
"Bitcoin Up or Down - April 10, 6:10AM-6:15AM ET",Buy,2.4,5,Up,1775815807
"Bitcoin Up or Down - April 10, 6:10AM-6:15AM ET",Buy,2.4,5,Down,1775815791
"Bitcoin Up or Down - April 10, 6:05AM-6:10AM ET",Buy,2.4,5,Up,1775815517
"Bitcoin Up or Down - April 10, 6:05AM-6:10AM ET",Buy,2.4,5,Down,1775815507
"Bitcoin Up or Down - April 10, 6:00AM-6:05AM ET",Buy,2.4,5,Up,1775815213
"Bitcoin Up or Down - April 10, 5:55AM-6:00AM ET",Buy,2.4,5,Up,1775814921
"Bitcoin Up or Down - April 10, 5:55AM-6:00AM ET",Buy,2.4,5,Down,1775814905
"Bitcoin Up or Down - April 10, 6:00AM-6:05AM ET",Buy,2.4,5,Down,1775814719
"Bitcoin Up or Down - April 10, 5:50AM-5:55AM ET",Buy,2.4,5,Up,1775814597
"Bitcoin Up or Down - April 10, 5:50AM-5:55AM ET",Buy,0.7008,1.46,Down,1775814449
"Bitcoin Up or Down - April 10, 5:50AM-5:55AM ET",Buy,1.698461,3.53846,Down,1775814447
"Bitcoin Up or Down - April 10, 5:45AM-5:50AM ET",Buy,2.4,5,Up,1775814309
"Bitcoin Up or Down - April 10, 5:45AM-5:50AM ET",Buy,2.4,5,Down,1775814263
"Bitcoin Up or Down - April 10, 5:40AM-5:45AM ET",Buy,2.4,5,Up,1775813999
"Bitcoin Up or Down - April 10, 5:35AM-5:40AM ET",Buy,1.3344,2.78,Up,1775813725
"Bitcoin Up or Down - April 10, 5:35AM-5:40AM ET",Buy,1.0656,2.22,Up,1775813725
"Bitcoin Up or Down - April 10, 5:35AM-5:40AM ET",Buy,2.4,5,Down,1775813697
"Bitcoin Up or Down - April 10, 5:30AM-5:35AM ET",Buy,2.4,5,Up,1775813429
"Bitcoin Up or Down - April 10, 5:30AM-5:35AM ET",Buy,0.2832,0.59,Down,1775813391
"Bitcoin Up or Down - April 10, 5:30AM-5:35AM ET",Buy,2.1168,4.41,Down,1775813387
"Bitcoin Up or Down - April 1, 6:15PM-6:20PM ET",Buy,2.4,5,Up,1775081717
"Bitcoin Up or Down - April 1, 6:20PM-6:25PM ET",Buy,2.1024,4.38,Down,1775081707
"Bitcoin Up or Down - April 1, 6:20PM-6:25PM ET",Buy,0.2976,0.62,Down,1775081699
"Bitcoin Up or Down - April 1, 6:10PM-6:15PM ET",Buy,2.4,5,Up,1775081457
"Bitcoin Up or Down - April 1, 6:15PM-6:20PM ET",Buy,0.9216,1.92,Down,1775081409
"Bitcoin Up or Down - April 1, 6:15PM-6:20PM ET",Buy,1.476923,3.076922,Down,1775081403
"Bitcoin Up or Down - April 1, 6:10PM-6:15PM ET",Buy,2.4,5,Down,1775081273
"Bitcoin Up or Down - April 1, 6:05PM-6:10PM ET",Buy,2.4,5,Up,1775081101
"Bitcoin Up or Down - April 1, 6:05PM-6:10PM ET",Buy,2.4,5,Down,1775080967
"Bitcoin Up or Down - April 1, 6:00PM-6:05PM ET",Buy,2.4,5,Up,1775080755
"Bitcoin Up or Down - April 1, 6:00PM-6:05PM ET",Buy,2.4,5,Down,1775080745
"Bitcoin Up or Down - April 1, 5:55PM-6:00PM ET",Buy,2.4,5,Down,1775080311
"Bitcoin Up or Down - April 1, 5:50PM-5:55PM ET",Buy,0.7104,1.48,Down,1775080195
"Bitcoin Up or Down - April 1, 5:50PM-5:55PM ET",Buy,1.688769,3.518268,Down,1775080179
"Bitcoin Up or Down - April 1, 5:45PM-5:50PM ET",Buy,2.4,5,Up,1775079935
"Bitcoin Up or Down - April 1, 5:45PM-5:50PM ET",Buy,2.4,5,Down,1775079845
"Bitcoin Up or Down - April 1, 5:40PM-5:45PM ET",Buy,2.4,5,Up,1775079299
"Bitcoin Up or Down - April 1, 5:30PM-5:35PM ET",Buy,2.4,5,Down,1775079019
"Bitcoin Up or Down - April 1, 5:35PM-5:40PM ET",Buy,2.4,5,Up,1775078999
"Bitcoin Up or Down - April 1, 5:25PM-5:30PM ET",Buy,2.4,5,Down,1775078709
"Bitcoin Up or Down - April 1, 5:30PM-5:35PM ET",Buy,2.4,5,Up,1775078699
"Bitcoin Up or Down - April 1, 5:25PM-5:30PM ET",Buy,2.4,5,Up,1775078587
"Bitcoin Up or Down - April 1, 5:20PM-5:25PM ET",Buy,2.4,5,Down,1775078379
"Bitcoin Up or Down - April 1, 5:20PM-5:25PM ET",Buy,2.4,5,Up,1775078133
"Bitcoin Up or Down - April 1, 5:15PM-5:20PM ET",Buy,2.4,5,Down,1775078101
"Bitcoin Up or Down - April 1, 5:15PM-5:20PM ET",Buy,2.4,5,Up,1775078099
"Bitcoin Up or Down - April 1, 5:10PM-5:15PM ET",Buy,1.4736,3.07,Down,1775077875
"Bitcoin Up or Down - April 1, 5:10PM-5:15PM ET",Buy,0.923076,1.923075,Down,1775077875
"Bitcoin Up or Down - April 1, 5:10PM-5:15PM ET",Buy,2.4,5,Up,1775077613
"Bitcoin Up or Down - April 1, 5:05PM-5:10PM ET",Buy,0.5904,1.23,Down,1775077465
"Bitcoin Up or Down - April 1, 5:05PM-5:10PM ET",Buy,1.8084,3.7675,Down,1775077463
"Bitcoin Up or Down - April 1, 5:05PM-5:10PM ET",Buy,2.4,5,Up,1775077245
"Bitcoin Up or Down - April 1, 5:00PM-5:05PM ET",Buy,2.4,5,Down,1775077155
"Bitcoin Up or Down - April 1, 5:00PM-5:05PM ET",Buy,1.0272,2.14,Up,1775076917
"Bitcoin Up or Down - April 1, 5:00PM-5:05PM ET",Buy,1.372707,2.859806,Up,1775076915
"Bitcoin Up or Down - April 1, 4:55PM-5:00PM ET",Buy,2.4,5,Up,1775076847
"Bitcoin Up or Down - April 1, 4:55PM-5:00PM ET",Buy,2.4,5,Down,1775076727
"Bitcoin Up or Down - April 1, 4:50PM-4:55PM ET",Buy,2.4,5,Up,1775076547
"Bitcoin Up or Down - April 1, 4:50PM-4:55PM ET",Buy,1.9872,4.14,Down,1775076511
"Bitcoin Up or Down - April 1, 4:50PM-4:55PM ET",Buy,0.4128,0.86,Down,1775076471
"Bitcoin Up or Down - April 1, 4:40PM-4:45PM ET",Buy,1.464,3.05,Up,1775075959
"Bitcoin Up or Down - April 1, 4:40PM-4:45PM ET",Buy,0.931569,1.940768,Up,1775075931
"Bitcoin Up or Down - April 1, 4:40PM-4:45PM ET",Buy,2.4,5,Down,1775075725
"Bitcoin Up or Down - April 1, 4:35PM-4:40PM ET",Buy,2.4,5,Down,1775075551
"Bitcoin Up or Down - April 1, 4:30PM-4:35PM ET",Buy,2.4,5,Up,1775075353
"Bitcoin Up or Down - April 1, 4:30PM-4:35PM ET",Buy,2.4,5,Down,1775075239
"Bitcoin Up or Down - April 1, 3:55PM-4:00PM ET",Buy,2.4,5,Up,1775073099
"Bitcoin Up or Down - April 1, 3:55PM-4:00PM ET",Buy,2.4,5,Down,1775072979
"Bitcoin Up or Down - April 1, 3:15PM-3:20PM ET",Buy,2.4,5,Up,1775070903
"Bitcoin Up or Down - April 1, 2:35PM-2:40PM ET",Buy,2.4,5,Up,1775068499
"Bitcoin Up or Down - April 1, 2:30PM-2:35PM ET",Buy,2.4,5,Up,1775068213
"Bitcoin Up or Down - April 1, 2:35PM-2:40PM ET",Buy,2.4,5,Down,1775067943
"Bitcoin Up or Down - April 1, 2:30PM-2:35PM ET",Buy,2.4,5,Down,1775067899
"Bitcoin Up or Down - April 1, 2:20PM-2:25PM ET",Buy,2.4,5,Up,1775067719
"Bitcoin Up or Down - April 1, 2:25PM-2:30PM ET",Buy,2.4,5,Down,1775067599
"Bitcoin Up or Down - April 1, 2:15PM-2:20PM ET",Buy,2.4,5,Up,1775067313
"Bitcoin Up or Down - April 1, 2:20PM-2:25PM ET",Buy,2.4,5,Down,1775067011
"Bitcoin Up or Down - April 1, 2:15PM-2:20PM ET",Buy,2.4,5,Down,1775066753
"Bitcoin Up or Down - April 1, 2:05PM-2:10PM ET",Buy,2.232,4.65,Up,1775066721
"Bitcoin Up or Down - April 1, 2:05PM-2:10PM ET",Buy,0.168,0.35,Up,1775066721
"Bitcoin Up or Down - April 1, 2:00PM-2:05PM ET",Buy,1.7808,3.71,Up,1775066427
"Bitcoin Up or Down - April 1, 2:00PM-2:05PM ET",Buy,0.6192,1.29,Up,1775066427
"Bitcoin Up or Down - April 1, 2:10PM-2:15PM ET",Buy,2.4,5,Down,1775066413
"Bitcoin Up or Down - April 1, 2:05PM-2:10PM ET",Buy,2.4,5,Down,1775066117
"Bitcoin Up or Down - April 1, 1:55PM-2:00PM ET",Buy,2.4,5,Up,1775066111
"Bitcoin Up or Down - April 1, 2:00PM-2:05PM ET",Buy,2.4,5,Down,1775065937
"Bitcoin Up or Down - April 1, 1:50PM-1:55PM ET",Buy,1.6512,3.44,Up,1775065829
"Bitcoin Up or Down - April 1, 1:50PM-1:55PM ET",Buy,0.7488,1.56,Up,1775065829
"Bitcoin Up or Down - April 1, 1:55PM-2:00PM ET",Buy,1.4016,2.92,Down,1775065799
"Bitcoin Up or Down - April 1, 1:55PM-2:00PM ET",Buy,0.9948,2.0725,Down,1775065781
"Bitcoin Up or Down - April 1, 1:45PM-1:50PM ET",Buy,2.4,5,Up,1775065519
"Bitcoin Up or Down - April 1, 1:50PM-1:55PM ET",Buy,2.4,5,Down,1775065499
"Bitcoin Up or Down - April 1, 1:45PM-1:50PM ET",Buy,2.4,5,Down,1775065089
"Bitcoin Up or Down - April 1, 10:35AM-10:40AM ET",Buy,2.4,5,Down,1775054069
"Bitcoin Up or Down - April 1, 10:30AM-10:35AM ET",Buy,2.4,5,Up,1775053539
"Bitcoin Up or Down - April 1, 9:50AM-9:55AM ET",Buy,2.4,5,Up,1775051417
"Bitcoin Up or Down - April 1, 9:50AM-9:55AM ET",Buy,2.4,5,Down,1775051099
"Bitcoin Up or Down - April 1, 9:05AM-9:10AM ET",Buy,2.4,5,Up,1775048715
"Bitcoin Up or Down - April 1, 9:10AM-9:15AM ET",Buy,2.4,5,Down,1775048689
"Bitcoin Up or Down - April 1, 9:05AM-9:10AM ET",Buy,2.4,5,Down,1775048557
"Bitcoin Up or Down - April 1, 9:00AM-9:05AM ET",Buy,2.4,5,Up,1775048417
"Bitcoin Up or Down - April 1, 9:00AM-9:05AM ET",Buy,2.4,5,Down,1775048211
"Bitcoin Up or Down - April 1, 8:55AM-9:00AM ET",Buy,2.4,5,Up,1775048119
"Bitcoin Up or Down - April 1, 8:50AM-8:55AM ET",Buy,2.4,5,Up,1775048045
"Bitcoin Up or Down - April 1, 8:55AM-9:00AM ET",Buy,2.4,5,Down,1775047833
"Bitcoin Up or Down - April 1, 8:45AM-8:50AM ET",Buy,2.4,5,Up,1775047537
"Bitcoin Up or Down - April 1, 8:50AM-8:55AM ET",Buy,2.4,5,Down,1775047243
"Bitcoin Up or Down - April 1, 8:45AM-8:50AM ET",Buy,2.4,5,Down,1775047205
"Bitcoin Up or Down - April 1, 8:40AM-8:45AM ET",Buy,2.4,5,Down,1775046899
"Bitcoin Up or Down - April 1, 8:40AM-8:45AM ET",Buy,2.4,5,Up,1775046895
"Bitcoin Up or Down - April 1, 8:35AM-8:40AM ET",Buy,2.4,5,Up,1775046895
"Bitcoin Up or Down - April 1, 8:35AM-8:40AM ET",Buy,2.4,5,Down,1775046863
"Bitcoin Up or Down - April 1, 8:30AM-8:35AM ET",Buy,2.4,5,Up,1775046691
"Bitcoin Up or Down - April 1, 8:30AM-8:35AM ET",Buy,2.4,5,Down,1775046493
"Bitcoin Up or Down - April 1, 8:25AM-8:30AM ET",Buy,2.4,5,Down,1775046305
"Bitcoin Up or Down - April 1, 8:25AM-8:30AM ET",Buy,2.4,5,Up,1775046181
"Bitcoin Up or Down - April 1, 8:20AM-8:25AM ET",Buy,2.4,5,Up,1775045931
"Bitcoin Up or Down - April 1, 8:20AM-8:25AM ET",Buy,2.4,5,Down,1775045703
"Bitcoin Up or Down - April 1, 8:15AM-8:20AM ET",Buy,1.1232,2.34,Down,1775045415
"Bitcoin Up or Down - April 1, 8:15AM-8:20AM ET",Buy,0.9072,1.89,Down,1775045411
"Bitcoin Up or Down - April 1, 8:15AM-8:20AM ET",Buy,0.36923,0.769229,Down,1775045361
"Bitcoin Up or Down - April 1, 8:10AM-8:15AM ET",Buy,2.4,5,Down,1775045175
"Bitcoin Up or Down - April 1, 8:05AM-8:10AM ET",Buy,2.4,5,Down,1775045029
"Bitcoin Up or Down - April 1, 8:05AM-8:10AM ET",Buy,2.4,5,Up,1775044799
"Bitcoin Up or Down - April 1, 7:55AM-8:00AM ET",Buy,2.4,5,Down,1775044509
"Bitcoin Up or Down - April 1, 8:00AM-8:05AM ET",Buy,0.9216,1.92,Up,1775044505
"Bitcoin Up or Down - April 1, 8:00AM-8:05AM ET",Buy,1.476923,3.076922,Up,1775044505
"Bitcoin Up or Down - April 1, 7:55AM-8:00AM ET",Buy,2.4,5,Up,1775044321
"Bitcoin Up or Down - April 1, 7:50AM-7:55AM ET",Buy,2.4,5,Up,1775044115
"Bitcoin Up or Down - April 1, 7:50AM-7:55AM ET",Buy,2.4,5,Down,1775044105
"Bitcoin Up or Down - April 1, 7:45AM-7:50AM ET",Buy,0.72,1.5,Up,1775043921
"Bitcoin Up or Down - April 1, 7:45AM-7:50AM ET",Buy,1.68,3.5,Up,1775043921
"Bitcoin Up or Down - April 1, 7:45AM-7:50AM ET",Buy,2.4,5,Down,1775043725
"Bitcoin Up or Down - April 1, 7:40AM-7:45AM ET",Buy,1.4736,3.07,Up,1775043633
"Bitcoin Up or Down - April 1, 7:40AM-7:45AM ET",Buy,0.923076,1.923075,Up,1775043603
"Bitcoin Up or Down - April 1, 7:40AM-7:45AM ET",Buy,2.4,5,Down,1775043489
"Bitcoin Up or Down - April 1, 7:35AM-7:40AM ET",Buy,2.4,5,Up,1775043261
"Bitcoin Up or Down - April 1, 7:35AM-7:40AM ET",Buy,2.4,5,Down,1775043171
"Bitcoin Up or Down - April 1, 7:30AM-7:35AM ET",Buy,2.4,5,Up,1775042975
"Bitcoin Up or Down - April 1, 7:30AM-7:35AM ET",Buy,0.5952,1.24,Down,1775042877
"Bitcoin Up or Down - April 1, 7:30AM-7:35AM ET",Buy,1.753846,3.653845,Down,1775042861
"Bitcoin Up or Down - April 1, 7:30AM-7:35AM ET",Buy,0.048,0.1,Down,1775042833
"Bitcoin Up or Down - April 1, 7:25AM-7:30AM ET",Buy,2.4,5,Up,1775042709
"Bitcoin Up or Down - April 1, 7:25AM-7:30AM ET",Buy,2.4,5,Down,1775042639
"Bitcoin Up or Down - April 1, 7:20AM-7:25AM ET",Buy,2.4,5,Up,1775042261
"Bitcoin Up or Down - April 1, 7:20AM-7:25AM ET",Buy,2.4,5,Down,1775042245
"Bitcoin Up or Down - April 1, 7:15AM-7:20AM ET",Buy,2.4,5,Down,1775041977
"Bitcoin Up or Down - April 1, 7:15AM-7:20AM ET",Buy,2.4,5,Up,1775041911
"Bitcoin Up or Down - March 30, 12:00PM-12:05PM ET",Buy,2.4,5,Up,1774886129
"Bitcoin Up or Down - March 30, 11:20AM-11:25AM ET",Buy,0.408,0.85,Down,1774883787
"Bitcoin Up or Down - March 30, 11:20AM-11:25AM ET",Buy,0.923076,1.923075,Down,1774883781
"Bitcoin Up or Down - March 30, 11:15AM-11:20AM ET",Buy,2.4,5,Up,1774883603
"Bitcoin Up or Down - March 30, 10:35AM-10:40AM ET",Buy,2.4,5,Up,1774881331
"Bitcoin Up or Down - March 30, 10:35AM-10:40AM ET",Buy,2.4,5,Down,1774880711
"Bitcoin Up or Down - March 30, 10:05AM-10:10AM ET",Buy,2.4,5,Down,1774878965
"Bitcoin Up or Down - March 30, 9:55AM-10:00AM ET",Buy,2.4,5,Up,1774878897
"Bitcoin Up or Down - March 30, 9:55AM-10:00AM ET",Buy,0.9168,1.91,Down,1774878467
"Bitcoin Up or Down - March 30, 9:55AM-10:00AM ET",Buy,1.4832,3.09,Down,1774878399
"Bitcoin Up or Down - March 30, 9:50AM-9:55AM ET",Buy,2.4,5,Down,1774878303
"Bitcoin Up or Down - March 30, 9:50AM-9:55AM ET",Buy,2.4,5,Up,1774878101
"Bitcoin Up or Down - March 30, 9:15AM-9:20AM ET",Buy,2.4,5,Up,1774875926
"Bitcoin Up or Down - March 30, 9:10AM-9:15AM ET",Buy,2.4,5,Up,1774875610
"Bitcoin Up or Down - March 30, 8:30AM-8:35AM ET",Buy,2.4,5,Up,1774873166
"Bitcoin Up or Down - March 30, 8:25AM-8:30AM ET",Buy,2.4,5,Up,1774872866
"Bitcoin Up or Down - March 30, 7:45AM-7:50AM ET",Buy,2.4,5,Up,1774870222
"Bitcoin Up or Down - March 30, 7:00AM-7:05AM ET",Buy,2.4,5,Up,1774868410
"Bitcoin Up or Down - March 30, 7:00AM-7:05AM ET",Buy,2.4,5,Down,1774868246
"Bitcoin Up or Down - March 30, 6:55AM-7:00AM ET",Buy,2.4,5,Up,1774868104
"Bitcoin Up or Down - March 30, 6:50AM-6:55AM ET",Buy,2.4,5,Up,1774867800
"Bitcoin Up or Down - March 30, 6:55AM-7:00AM ET",Buy,2.4,5,Down,1774867768
"Bitcoin Up or Down - March 30, 6:45AM-6:50AM ET",Buy,2.4,5,Up,1774867516
"Bitcoin Up or Down - March 30, 6:40AM-6:45AM ET",Buy,0.4512,0.94,Up,1774867256
"Bitcoin Up or Down - March 30, 6:40AM-6:45AM ET",Buy,0.923076,1.923075,Up,1774867228
"Bitcoin Up or Down - March 30, 6:40AM-6:45AM ET",Buy,0.096,0.2,Up,1774867226
"Bitcoin Up or Down - March 30, 6:40AM-6:45AM ET",Buy,0.923076,1.923075,Up,1774867226
"Bitcoin Up or Down - March 30, 6:50AM-6:55AM ET",Buy,2.4,5,Down,1774867102
"Bitcoin Up or Down - March 30, 6:35AM-6:40AM ET",Buy,2.4,5,Up,1774866930
"Bitcoin Up or Down - March 30, 6:45AM-6:50AM ET",Buy,2.4,5,Down,1774866918
"Bitcoin Up or Down - March 30, 6:30AM-6:35AM ET",Buy,2.4,5,Up,1774866642
"Bitcoin Up or Down - March 30, 6:40AM-6:45AM ET",Buy,2.4,5,Down,1774866636
"Bitcoin Up or Down - March 30, 6:35AM-6:40AM ET",Buy,2.4,5,Down,1774866424
"Bitcoin Up or Down - March 30, 6:30AM-6:35AM ET",Buy,2.4,5,Down,1774866302
"Bitcoin Up or Down - March 30, 6:25AM-6:30AM ET",Buy,2.4,5,Up,1774866232
"Bitcoin Up or Down - March 30, 6:20AM-6:25AM ET",Buy,2.4,5,Up,1774866010
"Bitcoin Up or Down - March 30, 6:25AM-6:30AM ET",Buy,0.216,0.45,Down,1774866008
"Bitcoin Up or Down - March 30, 6:25AM-6:30AM ET",Buy,1.107692,2.307691,Down,1774866008
"Bitcoin Up or Down - March 30, 6:25AM-6:30AM ET",Buy,1.073353,2.236152,Down,1774865996
"Bitcoin Up or Down - March 30, 6:20AM-6:25AM ET",Buy,2.4,5,Down,1774865700
"Bitcoin Up or Down - March 30, 6:15AM-6:20AM ET",Buy,2.4,5,Up,1774865594
"Bitcoin Up or Down - March 30, 6:10AM-6:15AM ET",Buy,2.4,5,Up,1774865484
"Bitcoin Up or Down - March 30, 6:15AM-6:20AM ET",Buy,0.3936,0.82,Down,1774865412
"Bitcoin Up or Down - March 30, 6:15AM-6:20AM ET",Buy,2.0064,4.18,Down,1774865412
"Bitcoin Up or Down - March 30, 6:05AM-6:10AM ET",Buy,2.4,5,Up,1774865186
"Bitcoin Up or Down - March 30, 6:10AM-6:15AM ET",Buy,2.4,5,Down,1774865108
"Bitcoin Up or Down - March 30, 6:05AM-6:10AM ET",Buy,1.8384,3.83,Down,1774864952
"Bitcoin Up or Down - March 30, 6:05AM-6:10AM ET",Buy,0.557169,1.160768,Down,1774864936
"Bitcoin Up or Down - March 29, 8:55AM-9:00AM ET",Buy,2.4,5,Up,1774788782
"Bitcoin Up or Down - March 29, 8:50AM-8:55AM ET",Buy,2.4,5,Up,1774788622
"Bitcoin Up or Down - March 29, 8:55AM-9:00AM ET",Buy,2.4,5,Down,1774788516
"Bitcoin Up or Down - March 29, 8:45AM-8:50AM ET",Buy,2.4,5,Up,1774788356
"Bitcoin Up or Down - March 29, 8:50AM-8:55AM ET",Buy,2.4,5,Down,1774788182
"Bitcoin Up or Down - March 29, 8:40AM-8:45AM ET",Buy,0.8208,1.71,Up,1774788008
"Bitcoin Up or Down - March 29, 8:40AM-8:45AM ET",Buy,1.5792,3.29,Up,1774788008
"Bitcoin Up or Down - March 29, 8:45AM-8:50AM ET",Buy,2.4,5,Down,1774787946
"Bitcoin Up or Down - March 29, 8:35AM-8:40AM ET",Buy,2.4,5,Up,1774787838
"Bitcoin Up or Down - March 29, 8:40AM-8:45AM ET",Buy,2.4,5,Down,1774787650
"Bitcoin Up or Down - March 29, 8:35AM-8:40AM ET",Buy,2.4,5,Down,1774787524
"Bitcoin Up or Down - March 29, 8:25AM-8:30AM ET",Buy,2.4,5,Up,1774787110
"Bitcoin Up or Down - March 29, 8:30AM-8:35AM ET",Buy,2.4,5,Down,1774787048
"Bitcoin Up or Down - March 29, 8:20AM-8:25AM ET",Buy,2.4,5,Up,1774786810
"Bitcoin Up or Down - March 29, 8:25AM-8:30AM ET",Buy,2.4,5,Down,1774786752
"Bitcoin Up or Down - March 29, 8:20AM-8:25AM ET",Buy,2.4,5,Down,1774786480
"Bitcoin Up or Down - March 29, 8:10AM-8:15AM ET",Buy,2.4,5,Down,1774786206
"Bitcoin Up or Down - March 29, 8:15AM-8:20AM ET",Buy,2.4,5,Down,1774786148
"Bitcoin Up or Down - March 29, 8:10AM-8:15AM ET",Buy,2.4,5,Up,1774786116
"Bitcoin Up or Down - March 29, 8:05AM-8:10AM ET",Buy,2.4,5,Down,1774785898
"Bitcoin Up or Down - March 29, 8:00AM-8:05AM ET",Buy,2.4,5,Down,1774785624
"Bitcoin Up or Down - March 29, 8:05AM-8:10AM ET",Buy,2.0736,4.32,Up,1774785598
"Bitcoin Up or Down - March 29, 8:05AM-8:10AM ET",Buy,0.32603,0.679229,Up,1774785566
"Bitcoin Up or Down - March 29, 7:55AM-8:00AM ET",Buy,2.4,5,Down,1774785442
"Bitcoin Up or Down - March 29, 8:00AM-8:05AM ET",Buy,2.0976,4.37,Up,1774785320
"Bitcoin Up or Down - March 29, 8:00AM-8:05AM ET",Buy,0.301292,0.627691,Up,1774785318
"Bitcoin Up or Down - March 29, 8:15AM-8:20AM ET",Buy,2.35,4.92244,Up,1774785012
"Bitcoin Up or Down - March 29, 7:50AM-7:55AM ET",Buy,2.4,5,Down,1774785008
"Bitcoin Up or Down - March 29, 7:55AM-8:00AM ET",Buy,2.4,5,Up,1774784882
"Bitcoin Up or Down - March 29, 7:50AM-7:55AM ET",Buy,2.4,5,Up,1774784406
"Bitcoin Up or Down - March 29, 7:35AM-7:40AM ET",Buy,2.4,5,Down,1774784176
"Bitcoin Up or Down - March 29, 7:30AM-7:35AM ET",Buy,1.848,3.85,Down,1774783812
"Bitcoin Up or Down - March 29, 7:30AM-7:35AM ET",Buy,0.548307,1.142306,Down,1774783812
"Bitcoin Up or Down - March 29, 7:35AM-7:40AM ET",Buy,2.4,5,Up,1774783748
"Bitcoin Up or Down - March 29, 7:25AM-7:30AM ET",Buy,2.4,5,Down,1774783718
"Bitcoin Up or Down - March 29, 7:30AM-7:35AM ET",Buy,2.4,5,Up,1774783258
"Bitcoin Up or Down - March 29, 7:20AM-7:25AM ET",Buy,2.4,5,Down,1774783212
"Bitcoin Up or Down - March 29, 7:25AM-7:30AM ET",Buy,2.4,5,Up,1774783196
"Bitcoin Up or Down - March 29, 7:15AM-7:20AM ET",Buy,2.4,5,Down,1774782920
"Bitcoin Up or Down - March 29, 7:20AM-7:25AM ET",Buy,0.0288,0.06,Up,1774782896
"Bitcoin Up or Down - March 29, 7:20AM-7:25AM ET",Buy,1.846153,3.846152,Up,1774782864
"Bitcoin Up or Down - March 29, 7:20AM-7:25AM ET",Buy,0.520246,1.083845,Up,1774782646
"Bitcoin Up or Down - March 29, 7:10AM-7:15AM ET",Buy,0.2016,0.42,Down,1774782616
"Bitcoin Up or Down - March 29, 7:15AM-7:20AM ET",Buy,2.4,5,Up,1774782548
"Bitcoin Up or Down - March 29, 7:10AM-7:15AM ET",Buy,2.4,5,Up,1774782300
"Bitcoin Up or Down - March 29, 7:10AM-7:15AM ET",Buy,2.1984,4.58,Down,1774782294
"Bitcoin Up or Down - March 29, 7:05AM-7:10AM ET",Buy,2.4,5,Down,1774782146
"Bitcoin Up or Down - March 29, 7:00AM-7:05AM ET",Buy,2.4,5,Down,1774782006
"Bitcoin Up or Down - March 29, 7:00AM-7:05AM ET",Buy,2.4,5,Up,1774781954
"Bitcoin Up or Down - March 29, 6:55AM-7:00AM ET",Buy,2.4,5,Up,1774781564
"Bitcoin Up or Down - March 29, 6:50AM-6:55AM ET",Buy,2.4,5,Up,1774781548
"Bitcoin Up or Down - March 29, 6:55AM-7:00AM ET",Buy,2.4,5,Down,1774781404
"Bitcoin Up or Down - March 29, 6:45AM-6:50AM ET",Buy,2.4,5,Up,1774781118
"Bitcoin Up or Down - March 29, 6:50AM-6:55AM ET",Buy,2.4,5,Down,1774780986
"Bitcoin Up or Down - March 29, 6:40AM-6:45AM ET",Buy,2.4,5,Up,1774780812
"Bitcoin Up or Down - March 29, 6:45AM-6:50AM ET",Buy,0.7344,1.53,Down,1774780522
"Bitcoin Up or Down - March 29, 6:45AM-6:50AM ET",Buy,1.661538,3.461537,Down,1774780508
"Bitcoin Up or Down - March 29, 6:40AM-6:45AM ET",Buy,2.4,5,Down,1774780226
"Bitcoin Up or Down - March 29, 6:30AM-6:35AM ET",Buy,2.4,5,Up,1774780218
"Bitcoin Up or Down - March 29, 6:35AM-6:40AM ET",Buy,0.3648,0.76,Down,1774780040
"Bitcoin Up or Down - March 29, 6:35AM-6:40AM ET",Buy,2.03483,4.239229,Down,1774779934
"Bitcoin Up or Down - March 29, 6:30AM-6:35AM ET",Buy,0.3648,0.76,Down,1774779896
"Bitcoin Up or Down - March 29, 6:30AM-6:35AM ET",Buy,2.03483,4.239229,Down,1774779656
"Bitcoin Up or Down - March 28, 11:35PM-11:40PM ET",Buy,2.4,5,Down,1774755310
"Bitcoin Up or Down - March 28, 11:35PM-11:40PM ET",Buy,0.0528,0.11,Up,1774754996
"Bitcoin Up or Down - March 28, 11:35PM-11:40PM ET",Buy,2.344984,4.885383,Up,1774754996
"Bitcoin Up or Down - March 28, 11:00PM-11:05PM ET",Buy,2.4,5,Up,1774752668
"Bitcoin Up or Down - March 28, 10:55PM-11:00PM ET",Buy,0.0576,0.12,Up,1774752528
"Bitcoin Up or Down - March 28, 10:55PM-11:00PM ET",Buy,2.3424,4.88,Up,1774752492
"Bitcoin Up or Down - March 28, 10:15PM-10:20PM ET",Buy,2.2704,4.73,Down,1774750332
"Bitcoin Up or Down - March 28, 10:15PM-10:20PM ET",Buy,0.1296,0.27,Down,1774750326
"Bitcoin Up or Down - March 28, 10:10PM-10:15PM ET",Buy,2.4,5,Down,1774749814
"Bitcoin Up or Down - March 28, 9:30PM-9:35PM ET",Buy,2.4,5,Up,1774747818
"Bitcoin Up or Down - March 28, 9:30PM-9:35PM ET",Buy,2.4,5,Down,1774747676
"Bitcoin Up or Down - March 28, 8:55PM-9:00PM ET",Buy,0.0816,0.17,Down,1774745604
"Bitcoin Up or Down - March 28, 8:55PM-9:00PM ET",Buy,2.313969,4.820768,Down,1774745542
"Bitcoin Up or Down - March 28, 8:50PM-8:55PM ET",Buy,2.4,5,Down,1774744968
"Bitcoin Up or Down - March 28, 8:10PM-8:15PM ET",Buy,2.4,5,Up,1774742870
"Bitcoin Up or Down - March 28, 8:05PM-8:10PM ET",Buy,2.4,5,Up,1774742754
"Bitcoin Up or Down - March 28, 8:10PM-8:15PM ET",Buy,2.4,5,Down,1774742572
"Bitcoin Up or Down - March 28, 8:05PM-8:10PM ET",Buy,2.2704,4.73,Down,1774742226
"Bitcoin Up or Down - March 28, 8:05PM-8:10PM ET",Buy,0.12923,0.269229,Down,1774742146
"Bitcoin Up or Down - March 28, 7:25PM-7:30PM ET",Buy,0.4464,0.93,Up,1774740516
"Bitcoin Up or Down - March 28, 7:30PM-7:35PM ET",Buy,2.4,5,Down,1774740046
"Bitcoin Up or Down - March 28, 7:30PM-7:35PM ET",Buy,2.4,5,Up,1774739982
"Bitcoin Up or Down - March 28, 7:25PM-7:30PM ET",Buy,2.4,5,Down,1774739948
"Bitcoin Up or Down - March 28, 7:25PM-7:30PM ET",Buy,0.9264,1.93,Up,1774739936
"Bitcoin Up or Down - March 28, 7:25PM-7:30PM ET",Buy,1.024615,2.134614,Up,1774739924
"Bitcoin Up or Down - March 28, 6:45PM-6:50PM ET",Buy,0.0288,0.06,Up,1774737818
"Bitcoin Up or Down - March 28, 6:45PM-6:50PM ET",Buy,2.36723,4.931729,Up,1774737810
"Bitcoin Up or Down - March 28, 6:45PM-6:50PM ET",Buy,2.4,5,Down,1774737810
"Bitcoin Up or Down - March 28, 6:40PM-6:45PM ET",Buy,0.6,1.25,Up,1774737528
"Bitcoin Up or Down - March 28, 6:40PM-6:45PM ET",Buy,1.8,3.75,Up,1774737490
"Bitcoin Up or Down - March 28, 6:40PM-6:45PM ET",Buy,0.923076,1.923075,Down,1774737316
"Bitcoin Up or Down - March 28, 6:35PM-6:40PM ET",Buy,2.4,5,Down,1774737308
"Bitcoin Up or Down - March 28, 6:35PM-6:40PM ET",Buy,2.4,5,Up,1774737172
"Bitcoin Up or Down - March 28, 6:30PM-6:35PM ET",Buy,2.4,5,Up,1774736938
"Bitcoin Up or Down - March 28, 6:25PM-6:30PM ET",Buy,1.8288,3.81,Up,1774736704
"Bitcoin Up or Down - March 28, 6:25PM-6:30PM ET",Buy,0.5712,1.19,Up,1774736704
"Bitcoin Up or Down - March 28, 6:25PM-6:30PM ET",Buy,2.4,5,Down,1774736348
"Bitcoin Up or Down - March 28, 6:15PM-6:20PM ET",Buy,2.4,5,Up,1774736186
"Bitcoin Up or Down - March 28, 6:10PM-6:15PM ET",Buy,2.4,5,Up,1774735850
"Bitcoin Up or Down - March 28, 6:20PM-6:25PM ET",Buy,0.7584,1.58,Down,1774735806
"Bitcoin Up or Down - March 28, 6:20PM-6:25PM ET",Buy,1.6416,3.42,Down,1774735786
"Bitcoin Up or Down - March 28, 6:05PM-6:10PM ET",Buy,2.4,5,Up,1774735770
"Bitcoin Up or Down - March 28, 6:00PM-6:05PM ET",Buy,2.4,5,Up,1774735258
"Bitcoin Up or Down - March 28, 6:15PM-6:20PM ET",Buy,2.4,5,Down,1774734858
"Bitcoin Up or Down - March 28, 6:10PM-6:15PM ET",Buy,2.4,5,Down,1774734858
"Bitcoin Up or Down - March 28, 6:05PM-6:10PM ET",Buy,2.4,5,Down,1774734858
"Bitcoin Up or Down - March 28, 6:00PM-6:05PM ET",Buy,2.4,5,Down,1774734820
"Bitcoin Up or Down - March 28, 5:55PM-6:00PM ET",Buy,0.1776,0.37,Up,1774734802
"Bitcoin Up or Down - March 28, 5:55PM-6:00PM ET",Buy,2.2224,4.63,Up,1774734800
"Bitcoin Up or Down - March 28, 5:55PM-6:00PM ET",Buy,2.4,5,Down,1774734546
"Bitcoin Up or Down - March 28, 5:50PM-5:55PM ET",Buy,2.4,5,Up,1774734528
"Bitcoin Up or Down - March 28, 5:50PM-5:55PM ET",Buy,2.4,5,Down,1774734400
"Bitcoin Up or Down - March 28, 5:45PM-5:50PM ET",Buy,2.4,5,Up,1774734272
"Bitcoin Up or Down - March 28, 5:45PM-5:50PM ET",Buy,1.4736,3.07,Down,1774734262
"Bitcoin Up or Down - March 28, 5:45PM-5:50PM ET",Buy,0.923076,1.923075,Down,1774734250
"Bitcoin Up or Down - March 28, 5:40PM-5:45PM ET",Buy,2.4,5,Up,1774734004
"Bitcoin Up or Down - March 28, 5:35PM-5:40PM ET",Buy,2.4,5,Up,1774733740
"Bitcoin Up or Down - March 28, 5:40PM-5:45PM ET",Buy,2.4,5,Down,1774733710
"Bitcoin Up or Down - March 28, 5:30PM-5:35PM ET",Buy,2.4,5,Up,1774733412
"Bitcoin Up or Down - March 28, 5:35PM-5:40PM ET",Buy,2.4,5,Down,1774733346
"Bitcoin Up or Down - March 28, 5:25PM-5:30PM ET",Buy,2.4,5,Up,1774733116
"Bitcoin Up or Down - March 28, 5:30PM-5:35PM ET",Buy,2.4,5,Down,1774733046
"Bitcoin Up or Down - March 28, 5:20PM-5:25PM ET",Buy,2.4,5,Up,1774732816
"Bitcoin Up or Down - March 28, 5:25PM-5:30PM ET",Buy,2.4,5,Down,1774732746
"Bitcoin Up or Down - March 28, 5:15PM-5:20PM ET",Buy,2.4,5,Up,1774732606
"Bitcoin Up or Down - March 28, 5:20PM-5:25PM ET",Buy,2.4,5,Down,1774732446
"Bitcoin Up or Down - March 28, 5:10PM-5:15PM ET",Buy,2.4,5,Up,1774732242
"Bitcoin Up or Down - March 28, 5:15PM-5:20PM ET",Buy,2.4,5,Down,1774732146
"Bitcoin Up or Down - March 28, 5:05PM-5:10PM ET",Buy,0.501692,1.045191,Up,1774731904
"Bitcoin Up or Down - March 28, 5:05PM-5:10PM ET",Buy,0.048,0.1,Up,1774731904
"Bitcoin Up or Down - March 28, 5:05PM-5:10PM ET",Buy,1.846153,3.846152,Up,1774731904
"Bitcoin Up or Down - March 28, 5:05PM-5:10PM ET",Buy,2.4,5,Down,1774731892
"Bitcoin Up or Down - March 28, 5:10PM-5:15PM ET",Buy,2.4,5,Down,1774731850
"Bitcoin Up or Down - March 28, 5:00PM-5:05PM ET",Buy,2.4,5,Down,1774731612
"Bitcoin Up or Down - March 28, 5:00PM-5:05PM ET",Buy,2.4,5,Up,1774731310
"Bitcoin Up or Down - March 28, 4:55PM-5:00PM ET",Buy,2.4,5,Up,1774731284
"Bitcoin Up or Down - March 28, 4:55PM-5:00PM ET",Buy,1.846153,3.846152,Down,1774731250
"Bitcoin Up or Down - March 28, 4:55PM-5:00PM ET",Buy,0.552,1.15,Down,1774731250
"Bitcoin Up or Down - March 28, 4:50PM-4:55PM ET",Buy,2.4,5,Down,1774731002
"Bitcoin Up or Down - March 28, 4:45PM-4:50PM ET",Buy,2.4,5,Up,1774730692
"Bitcoin Up or Down - March 28, 4:45PM-4:50PM ET",Buy,1.32,2.75,Down,1774730668
"Bitcoin Up or Down - March 28, 4:45PM-4:50PM ET",Buy,1.08,2.25,Down,1774730646
"Bitcoin Up or Down - March 28, 4:40PM-4:45PM ET",Buy,2.4,5,Up,1774730352
"Bitcoin Up or Down - March 28, 4:40PM-4:45PM ET",Buy,2.4,5,Down,1774730318
"Bitcoin Up or Down - March 28, 4:35PM-4:40PM ET",Buy,2.4,5,Up,1774730088
"Bitcoin Up or Down - March 28, 4:35PM-4:40PM ET",Buy,2.4,5,Down,1774729816
"Bitcoin Up or Down - March 28, 4:30PM-4:35PM ET",Buy,2.4,5,Down,1774729762
"Bitcoin Up or Down - March 28, 4:30PM-4:35PM ET",Buy,2.4,5,Up,1774729746
"Bitcoin Up or Down - March 28, 4:20PM-4:25PM ET",Buy,2.4,5,Down,1774729216
"Bitcoin Up or Down - March 28, 4:15PM-4:20PM ET",Buy,2.4,5,Down,1774728968
"Bitcoin Up or Down - March 28, 4:25PM-4:30PM ET",Buy,2.4,5,Up,1774728928
"Bitcoin Up or Down - March 28, 4:20PM-4:25PM ET",Buy,2.4,5,Up,1774728848
"Bitcoin Up or Down - March 28, 4:10PM-4:15PM ET",Buy,2.4,5,Down,1774728664
"Bitcoin Up or Down - March 28, 4:15PM-4:20PM ET",Buy,2.4,5,Up,1774728546
"Bitcoin Up or Down - March 28, 4:10PM-4:15PM ET",Buy,1.0224,2.13,Up,1774728296
"Bitcoin Up or Down - March 28, 4:10PM-4:15PM ET",Buy,1.37723,2.869229,Up,1774728296
"Bitcoin Up or Down - March 28, 4:05PM-4:10PM ET",Buy,2.4,5,Up,1774728180
"Bitcoin Up or Down - March 28, 4:05PM-4:10PM ET",Buy,1.632,3.4,Down,1774728068
"Bitcoin Up or Down - March 28, 4:05PM-4:10PM ET",Buy,0.767446,1.598845,Down,1774728062
"Bitcoin Up or Down - March 28, 3:55PM-4:00PM ET",Buy,2.4,5,Up,1774727732
"Bitcoin Up or Down - March 28, 4:00PM-4:05PM ET",Buy,2.4,5,Down,1774727646
"Bitcoin Up or Down - March 28, 3:55PM-4:00PM ET",Buy,2.4,5,Down,1774727410
"Bitcoin Up or Down - March 28, 3:50PM-3:55PM ET",Buy,2.4,5,Down,1774727046
"Bitcoin Up or Down - March 27, 6:55PM-7:00PM ET",Buy,2.4,5,Down,1774651863
"Bitcoin Up or Down - March 27, 6:50PM-6:55PM ET",Buy,2.4,5,Down,1774651805
"Bitcoin Up or Down - March 27, 6:55PM-7:00PM ET",Buy,2.4,5,Up,1774651801
"Bitcoin Up or Down - March 27, 6:45PM-6:50PM ET",Buy,2.4,5,Up,1774651505
"Bitcoin Up or Down - March 27, 6:50PM-6:55PM ET",Buy,2.4,5,Up,1774651501
"Bitcoin Up or Down - March 27, 6:45PM-6:50PM ET",Buy,2.4,5,Down,1774651201
"Bitcoin Up or Down - March 27, 6:40PM-6:45PM ET",Buy,2.4,5,Up,1774651021
"Bitcoin Up or Down - March 27, 6:35PM-6:40PM ET",Buy,2.4,5,Up,1774650933
"Bitcoin Up or Down - March 27, 6:40PM-6:45PM ET",Buy,2.4,5,Down,1774650907
"Bitcoin Up or Down - March 27, 6:35PM-6:40PM ET",Buy,2.4,5,Down,1774650547
"Bitcoin Up or Down - March 27, 6:30PM-6:35PM ET",Buy,2.4,5,Up,1774650515
"Bitcoin Up or Down - March 27, 6:30PM-6:35PM ET",Buy,2.4,5,Down,1774650247
"Bitcoin Up or Down - March 27, 6:20PM-6:25PM ET",Buy,2.4,5,Up,1774650235
"Bitcoin Up or Down - March 27, 6:25PM-6:30PM ET",Buy,2.4,5,Down,1774649947
"Bitcoin Up or Down - March 27, 6:20PM-6:25PM ET",Buy,2.4,5,Down,1774649647
"Bitcoin Up or Down - March 27, 6:15PM-6:20PM ET",Buy,2.4,5,Up,1774649597
"Bitcoin Up or Down - March 27, 6:15PM-6:20PM ET",Buy,2.4,5,Down,1774649407
"Bitcoin Up or Down - March 27, 6:10PM-6:15PM ET",Buy,2.4,5,Up,1774649259
"Bitcoin Up or Down - March 27, 6:10PM-6:15PM ET",Buy,2.4,5,Down,1774649231
"Bitcoin Up or Down - March 27, 6:05PM-6:10PM ET",Buy,2.4,5,Up,1774649011
"Bitcoin Up or Down - March 27, 6:05PM-6:10PM ET",Buy,2.4,5,Down,1774648957
"Bitcoin Up or Down - March 27, 6:00PM-6:05PM ET",Buy,2.4,5,Down,1774648785
"Bitcoin Up or Down - March 27, 6:00PM-6:05PM ET",Buy,2.4,5,Up,1774648613
"Bitcoin Up or Down - March 27, 5:55PM-6:00PM ET",Buy,1.4736,3.07,Down,1774648477
"Bitcoin Up or Down - March 27, 5:55PM-6:00PM ET",Buy,0.923076,1.923075,Down,1774648475
"Bitcoin Up or Down - March 27, 5:55PM-6:00PM ET",Buy,0.8448,1.76,Up,1774648245
"Bitcoin Up or Down - March 27, 5:55PM-6:00PM ET",Buy,1.550861,3.23096,Up,1774648237
"Bitcoin Up or Down - March 27, 5:50PM-5:55PM ET",Buy,0.3648,0.76,Up,1774648197
"Bitcoin Up or Down - March 27, 5:50PM-5:55PM ET",Buy,2.034923,4.239422,Up,1774648197
"Bitcoin Up or Down - March 27, 5:50PM-5:55PM ET",Buy,2.4,5,Down,1774648159
"Bitcoin Up or Down - March 27, 5:45PM-5:50PM ET",Buy,2.4,5,Down,1774647909
"Bitcoin Up or Down - March 27, 5:45PM-5:50PM ET",Buy,2.4,5,Up,1774647865
"Bitcoin Up or Down - March 27, 5:40PM-5:45PM ET",Buy,2.4,5,Down,1774647609
"Bitcoin Up or Down - March 27, 5:40PM-5:45PM ET",Buy,2.4,5,Up,1774647301
"Bitcoin Up or Down - March 27, 5:35PM-5:40PM ET",Buy,2.4,5,Up,1774647003
"Bitcoin Up or Down - March 27, 5:25PM-5:30PM ET",Buy,2.4,5,Down,1774646707
"Bitcoin Up or Down - March 27, 5:20PM-5:25PM ET",Buy,2.4,5,Down,1774646615
"Bitcoin Up or Down - March 27, 5:25PM-5:30PM ET",Buy,2.4,5,Up,1774646403
"Bitcoin Up or Down - March 27, 5:15PM-5:20PM ET",Buy,2.4,5,Down,1774646103
"Bitcoin Up or Down - March 27, 5:20PM-5:25PM ET",Buy,2.4,5,Up,1774646101
"Bitcoin Up or Down - March 27, 5:15PM-5:20PM ET",Buy,2.4,5,Up,1774646097
"Bitcoin Up or Down - March 27, 5:10PM-5:15PM ET",Buy,2.4,5,Down,1774645831
"Bitcoin Up or Down - March 27, 5:10PM-5:15PM ET",Buy,2.4,5,Up,1774645503
"Bitcoin Up or Down - March 27, 5:05PM-5:10PM ET",Buy,2.4,5,Up,1774645503
"Bitcoin Up or Down - March 27, 5:05PM-5:10PM ET",Buy,2.4,5,Down,1774645439
"Bitcoin Up or Down - March 27, 5:00PM-5:05PM ET",Buy,2.4,5,Down,1774645207
"Bitcoin Up or Down - March 27, 5:00PM-5:05PM ET",Buy,2.4,5,Up,1774645145
"Bitcoin Up or Down - March 27, 4:55PM-5:00PM ET",Buy,2.4,5,Up,1774644605
"Bitcoin Up or Down - March 27, 4:50PM-4:55PM ET",Buy,2.4,5,Up,1774644597
"Bitcoin Up or Down - March 27, 4:50PM-4:55PM ET",Buy,2.4,5,Down,1774644485
"Bitcoin Up or Down - March 27, 4:45PM-4:50PM ET",Buy,2.4,5,Down,1774644305
"Bitcoin Up or Down - March 27, 4:45PM-4:50PM ET",Buy,2.4,5,Up,1774644295
"Bitcoin Up or Down - March 27, 4:40PM-4:45PM ET",Buy,2.4,5,Up,1774644005
"Bitcoin Up or Down - March 27, 4:40PM-4:45PM ET",Buy,2.4,5,Down,1774643867
"Bitcoin Up or Down - March 27, 4:35PM-4:40PM ET",Buy,2.4,5,Up,1774643745
"Bitcoin Up or Down - March 27, 4:35PM-4:40PM ET",Buy,0.5952,1.24,Down,1774643465
"Bitcoin Up or Down - March 27, 4:35PM-4:40PM ET",Buy,0.923076,1.923075,Down,1774643455
"Bitcoin Up or Down - March 27, 4:35PM-4:40PM ET",Buy,0.876553,1.826152,Down,1774643417
"Bitcoin Up or Down - March 27, 4:30PM-4:35PM ET",Buy,2.4,5,Up,1774643327
"Bitcoin Up or Down - March 27, 4:30PM-4:35PM ET",Buy,2.4,5,Down,1774643247
"Bitcoin Up or Down - March 27, 4:25PM-4:30PM ET",Buy,2.4,5,Up,1774642801
"Bitcoin Up or Down - March 27, 4:20PM-4:25PM ET",Buy,2.4,5,Up,1774642795
"Bitcoin Up or Down - March 27, 4:20PM-4:25PM ET",Buy,2.4,5,Down,1774642669
"Bitcoin Up or Down - March 27, 4:15PM-4:20PM ET",Buy,2.4,5,Down,1774642513
"Bitcoin Up or Down - March 27, 4:15PM-4:20PM ET",Buy,2.4,5,Up,1774642323
"Bitcoin Up or Down - March 27, 4:10PM-4:15PM ET",Buy,2.4,5,Down,1774642209
"Bitcoin Up or Down - March 27, 4:10PM-4:15PM ET",Buy,2.4,5,Up,1774641951
"Bitcoin Up or Down - March 27, 4:05PM-4:10PM ET",Buy,2.4,5,Down,1774641935
"Bitcoin Up or Down - March 27, 4:05PM-4:10PM ET",Buy,2.4,5,Up,1774641603
"Bitcoin Up or Down - March 27, 3:45PM-3:50PM ET",Buy,2.4,5,Down,1774640487
"Bitcoin Up or Down - March 27, 3:45PM-3:50PM ET",Buy,2.4,5,Up,1774640477
"Bitcoin Up or Down - March 27, 3:40PM-3:45PM ET",Buy,2.4,5,Down,1774640409
"Bitcoin Up or Down - March 27, 3:35PM-3:40PM ET",Buy,2.4,5,Down,1774640249
"Bitcoin Up or Down - March 27, 3:40PM-3:45PM ET",Buy,2.4,5,Up,1774640103
"Bitcoin Up or Down - March 27, 3:35PM-3:40PM ET",Buy,2.4,5,Up,1774640055
"Bitcoin Up or Down - March 27, 3:30PM-3:35PM ET",Buy,2.4,5,Up,1774639801
"Bitcoin Up or Down - March 27, 3:30PM-3:35PM ET",Buy,2.4,5,Down,1774639587
"Bitcoin Up or Down - March 27, 3:25PM-3:30PM ET",Buy,2.4,5,Down,1774639513
"Bitcoin Up or Down - March 27, 3:25PM-3:30PM ET",Buy,2.4,5,Up,1774639305
"Bitcoin Up or Down - March 27, 3:20PM-3:25PM ET",Buy,2.4,5,Up,1774639211
"Bitcoin Up or Down - March 27, 3:20PM-3:25PM ET",Buy,2.4,5,Down,1774639069
"Bitcoin Up or Down - March 27, 3:15PM-3:20PM ET",Buy,2.4,5,Up,1774638907
"Bitcoin Up or Down - March 27, 3:15PM-3:20PM ET",Buy,2.4,5,Down,1774638813
"Bitcoin Up or Down - March 27, 3:10PM-3:15PM ET",Buy,2.4,5,Up,1774638633
"Bitcoin Up or Down - March 27, 3:05PM-3:10PM ET",Buy,2.4,5,Up,1774638341
"Bitcoin Up or Down - March 27, 3:10PM-3:15PM ET",Buy,2.4,5,Down,1774638335
"Bitcoin Up or Down - March 27, 3:05PM-3:10PM ET",Buy,2.4,5,Down,1774638217
"Bitcoin Up or Down - March 27, 3:00PM-3:05PM ET",Buy,2.4,5,Up,1774638013
"Bitcoin Up or Down - March 27, 3:00PM-3:05PM ET",Buy,2.4,5,Down,1774637889
"Bitcoin Up or Down - March 27, 2:55PM-3:00PM ET",Buy,2.4,5,Down,1774637705
"Bitcoin Up or Down - March 27, 2:55PM-3:00PM ET",Buy,2.4,5,Up,1774637637
"Bitcoin Up or Down - March 27, 2:50PM-2:55PM ET",Buy,1.824,3.8,Up,1774637405
"Bitcoin Up or Down - March 27, 2:50PM-2:55PM ET",Buy,0.576,1.2,Up,1774637405
"Bitcoin Up or Down - March 27, 2:50PM-2:55PM ET",Buy,2.4,5,Down,1774637255
"Bitcoin Up or Down - March 27, 2:45PM-2:50PM ET",Buy,2.4,5,Down,1774637021
"Bitcoin Up or Down - March 27, 2:45PM-2:50PM ET",Buy,2.4,5,Up,1774636953
"Bitcoin Up or Down - March 27, 2:20AM-2:25AM ET",Buy,0.458584,0.955383,Down,1774592417
"Bitcoin Up or Down - March 27, 2:20AM-2:25AM ET",Buy,1.9392,4.04,Down,1774592417
"Bitcoin Up or Down - March 27, 2:20AM-2:25AM ET",Buy,2.4,5,Up,1774592291
"Bitcoin Up or Down - March 27, 2:15AM-2:20AM ET",Buy,2.4,5,Up,1774592087
"Bitcoin Up or Down - March 27, 2:15AM-2:20AM ET",Buy,2.4,5,Down,1774592079
"Bitcoin Up or Down - March 27, 2:10AM-2:15AM ET",Buy,2.4,5,Up,1774591929
"Bitcoin Up or Down - March 27, 2:05AM-2:10AM ET",Buy,2.4,5,Up,1774591507
"Bitcoin Up or Down - March 27, 2:00AM-2:05AM ET",Buy,2.4,5,Down,1774591027
"Bitcoin Up or Down - March 27, 1:55AM-2:00AM ET",Buy,2.4,5,Down,1774590897
"Bitcoin Up or Down - March 27, 1:50AM-1:55AM ET",Buy,2.4,5,Down,1774590393
"Bitcoin Up or Down - March 27, 1:45AM-1:50AM ET",Buy,2.4,5,Down,1774590163
"Bitcoin Up or Down - March 27, 1:40AM-1:45AM ET",Buy,1.7952,3.74,Up,1774590087
"Bitcoin Up or Down - March 27, 1:40AM-1:45AM ET",Buy,0.600646,1.251345,Up,1774590087
"Bitcoin Up or Down - March 27, 1:40AM-1:45AM ET",Buy,2.4,5,Down,1774589771
"Bitcoin Up or Down - March 27, 1:35AM-1:40AM ET",Buy,2.4,5,Up,1774589659
"Bitcoin Up or Down - March 27, 1:35AM-1:40AM ET",Buy,1.32,2.75,Down,1774589435
"Bitcoin Up or Down - March 27, 1:35AM-1:40AM ET",Buy,1.08,2.25,Down,1774589415
"Bitcoin Up or Down - March 27, 1:30AM-1:35AM ET",Buy,2.4,5,Up,1774589373
"Bitcoin Up or Down - March 27, 1:30AM-1:35AM ET",Buy,2.4,5,Down,1774589191
"Bitcoin Up or Down - March 27, 1:00AM-1:05AM ET",Buy,2.4,5,Up,1774587387
"Bitcoin Up or Down - March 27, 12:55AM-1:00AM ET",Buy,2.4,5,Down,1774587319
"Bitcoin Up or Down - March 27, 12:50AM-12:55AM ET",Buy,2.4,5,Up,1774587003
"Bitcoin Up or Down - March 27, 12:55AM-1:00AM ET",Buy,2.4,5,Up,1774587003
"Bitcoin Up or Down - March 27, 12:50AM-12:55AM ET",Buy,2.4,5,Down,1774586913
"Bitcoin Up or Down - March 27, 12:25AM-12:30AM ET",Buy,2.4,5,Down,1774585203
"Bitcoin Up or Down - March 27, 12:20AM-12:25AM ET",Buy,2.4,5,Up,1774585175
"Bitcoin Up or Down - March 27, 12:15AM-12:20AM ET",Buy,2.4,5,Up,1774585023
"Bitcoin Up or Down - March 27, 12:10AM-12:15AM ET",Buy,2.4,5,Up,1774584721
"Bitcoin Up or Down - March 27, 12:05AM-12:10AM ET",Buy,2.4,5,Up,1774584317
"Bitcoin Up or Down - March 27, 12:10AM-12:15AM ET",Buy,2.4,5,Down,1774584303
"Bitcoin Up or Down - March 27, 12:00AM-12:05AM ET",Buy,2.4,5,Down,1774583999
"Bitcoin Up or Down - March 26, 11:55PM-12:00AM ET",Buy,2.4,5,Down,1774583693
"Bitcoin Up or Down - March 26, 11:50PM-11:55PM ET",Buy,2.4,5,Up,1774583143
"Bitcoin Up or Down - March 26, 11:45PM-11:50PM ET",Buy,2.4,5,Up,1774582803
"Bitcoin Up or Down - March 26, 11:40PM-11:45PM ET",Buy,2.4,5,Down,1774582521
"Bitcoin Up or Down - March 26, 11:35PM-11:40PM ET",Buy,2.4,5,Down,1774582487
"Bitcoin Up or Down - March 26, 11:30PM-11:35PM ET",Buy,2.4,5,Up,1774582295
"Bitcoin Up or Down - March 26, 11:25PM-11:30PM ET",Buy,2.4,5,Down,1774581777
"Bitcoin Up or Down - March 26, 11:20PM-11:25PM ET",Buy,2.4,5,Up,1774581627
"Bitcoin Up or Down - March 26, 11:15PM-11:20PM ET",Buy,2.4,5,Up,1774581357
"Bitcoin Up or Down - March 26, 11:20PM-11:25PM ET",Buy,2.4,5,Down,1774581303
"Bitcoin Up or Down - March 26, 11:15PM-11:20PM ET",Buy,2.4,5,Down,1774581001
"Bitcoin Up or Down - March 26, 11:10PM-11:15PM ET",Buy,2.4,5,Up,1774580947
"Bitcoin Up or Down - March 26, 10:55PM-11:00PM ET",Buy,2.4,5,Up,1774580211
"Bitcoin Up or Down - March 26, 10:50PM-10:55PM ET",Buy,2.4,5,Down,1774579725
"Bitcoin Up or Down - March 26, 10:45PM-10:50PM ET",Buy,2.4,5,Down,1774579499
"Bitcoin Up or Down - March 26, 10:45PM-10:50PM ET",Buy,2.4,5,Up,1774579495
"Bitcoin Up or Down - March 26, 10:40PM-10:45PM ET",Buy,2.4,5,Down,1774579185
"Bitcoin Up or Down - March 26, 10:40PM-10:45PM ET",Buy,2.4,5,Up,1774579057
"Bitcoin Up or Down - March 26, 10:35PM-10:40PM ET",Buy,2.4,5,Up,1774578931
"Bitcoin Up or Down - March 26, 10:35PM-10:40PM ET",Buy,2.4,5,Down,1774578809
"Bitcoin Up or Down - March 26, 10:30PM-10:35PM ET",Buy,2.4,5,Down,1774578605
"Bitcoin Up or Down - March 26, 10:30PM-10:35PM ET",Buy,2.4,5,Up,1774578417
"Bitcoin Up or Down - March 26, 10:25PM-10:30PM ET",Buy,2.4,5,Down,1774578309
"Bitcoin Up or Down - March 26, 10:20PM-10:25PM ET",Buy,2.4,5,Down,1774578151
"Bitcoin Up or Down - March 26, 10:25PM-10:30PM ET",Buy,2.4,5,Up,1774578065
"Bitcoin Up or Down - March 26, 10:20PM-10:25PM ET",Buy,2.4,5,Up,1774577703
"Bitcoin Up or Down - March 26, 10:10PM-10:15PM ET",Buy,2.4,5,Down,1774577461
"Bitcoin Up or Down - March 26, 10:15PM-10:20PM ET",Buy,2.4,5,Up,1774577403
"Bitcoin Up or Down - March 26, 10:05PM-10:10PM ET",Buy,1.289815,2.687114,Down,1774577383
"Bitcoin Up or Down - March 26, 10:05PM-10:10PM ET",Buy,1.1088,2.31,Down,1774577383
"Bitcoin Up or Down - March 26, 10:10PM-10:15PM ET",Buy,2.4,5,Up,1774577101
"Bitcoin Up or Down - March 26, 10:00PM-10:05PM ET",Buy,2.4,5,Down,1774576815
"Bitcoin Up or Down - March 26, 10:05PM-10:10PM ET",Buy,2.4,5,Up,1774576803
"Bitcoin Up or Down - March 26, 9:55PM-10:00PM ET",Buy,2.4,5,Down,1774576507
"Bitcoin Up or Down - March 26, 10:00PM-10:05PM ET",Buy,2.4,5,Up,1774576505
"Bitcoin Up or Down - March 26, 9:55PM-10:00PM ET",Buy,2.4,5,Up,1774576203
"Bitcoin Up or Down - March 26, 9:50PM-9:55PM ET",Buy,2.4,5,Up,1774576203
"Bitcoin Up or Down - March 26, 9:50PM-9:55PM ET",Buy,2.4,5,Down,1774576177
"Bitcoin Up or Down - March 26, 9:45PM-9:50PM ET",Buy,2.4,5,Up,1774575951
"Bitcoin Up or Down - March 26, 9:45PM-9:50PM ET",Buy,2.4,5,Down,1774575621
"Bitcoin Up or Down - March 26, 9:40PM-9:45PM ET",Buy,2.4,5,Down,1774575609
"Bitcoin Up or Down - March 26, 9:40PM-9:45PM ET",Buy,2.4,5,Up,1774575585
"Bitcoin Up or Down - March 26, 9:35PM-9:40PM ET",Buy,2.4,5,Down,1774575335
"Bitcoin Up or Down - March 26, 9:30PM-9:35PM ET",Buy,2.4,5,Down,1774575021
"Bitcoin Up or Down - March 26, 9:35PM-9:40PM ET",Buy,1.5456,3.22,Up,1774575005
"Bitcoin Up or Down - March 26, 9:35PM-9:40PM ET",Buy,0.850707,1.772306,Up,1774575005
"Bitcoin Up or Down - March 26, 9:25PM-9:30PM ET",Buy,2.4,5,Down,1774574729
"Bitcoin Up or Down - March 26, 9:30PM-9:35PM ET",Buy,2.4,5,Up,1774574703
"Bitcoin Up or Down - March 26, 9:25PM-9:30PM ET",Buy,0.192,0.4,Up,1774574589
"Bitcoin Up or Down - March 26, 9:25PM-9:30PM ET",Buy,2.206523,4.596922,Up,1774574579
"Bitcoin Up or Down - March 26, 9:20PM-9:25PM ET",Buy,2.4,5,Down,1774574545
"Bitcoin Up or Down - March 26, 9:20PM-9:25PM ET",Buy,0.5808,1.21,Up,1774574139
"Bitcoin Up or Down - March 26, 9:20PM-9:25PM ET",Buy,1.107692,2.307691,Up,1774574127
"Bitcoin Up or Down - March 26, 9:20PM-9:25PM ET",Buy,0.7104,1.48,Up,1774574121
"Bitcoin Up or Down - March 26, 9:15PM-9:20PM ET",Buy,2.4,5,Down,1774574107
"Bitcoin Up or Down - March 26, 9:15PM-9:20PM ET",Buy,2.4,5,Up,1774574019
"Bitcoin Up or Down - March 26, 9:10PM-9:15PM ET",Buy,2.4,5,Down,1774573713
"Bitcoin Up or Down - March 26, 9:10PM-9:15PM ET",Buy,2.4,5,Up,1774573711
"Bitcoin Up or Down - March 26, 9:05PM-9:10PM ET",Buy,2.4,5,Down,1774573479
"Bitcoin Up or Down - March 26, 9:05PM-9:10PM ET",Buy,2.4,5,Up,1774573203
"Bitcoin Up or Down - March 26, 8:50PM-8:55PM ET",Buy,2.4,5,Down,1774572545
"Bitcoin Up or Down - March 26, 8:50PM-8:55PM ET",Buy,2.4,5,Up,1774572467
"Bitcoin Up or Down - March 26, 8:45PM-8:50PM ET",Buy,2.4,5,Up,1774572307
"Bitcoin Up or Down - March 26, 8:45PM-8:50PM ET",Buy,2.4,5,Down,1774572001
"Bitcoin Up or Down - March 26, 8:40PM-8:45PM ET",Buy,0.552,1.15,Down,1774571871
"Bitcoin Up or Down - March 26, 8:40PM-8:45PM ET",Buy,1.846153,3.846152,Down,1774571863
"Bitcoin Up or Down - March 26, 8:35PM-8:40PM ET",Buy,2.4,5,Down,1774571713
"Bitcoin Up or Down - March 26, 8:35PM-8:40PM ET",Buy,2.4,5,Up,1774571555
"Bitcoin Up or Down - March 26, 8:30PM-8:35PM ET",Buy,2.4,5,Up,1774571349
"Bitcoin Up or Down - March 26, 8:30PM-8:35PM ET",Buy,2.4,5,Down,1774571305
"Bitcoin Up or Down - March 26, 8:20PM-8:25PM ET",Buy,2.4,5,Down,1774570807
"Bitcoin Up or Down - March 26, 8:25PM-8:30PM ET",Buy,2.4,5,Up,1774570803
"Bitcoin Up or Down - March 26, 8:20PM-8:25PM ET",Buy,2.4,5,Up,1774570505
"Bitcoin Up or Down - March 26, 8:10PM-8:15PM ET",Buy,0.3648,0.76,Up,1774570203
"Bitcoin Up or Down - March 26, 8:15PM-8:20PM ET",Buy,2.4,5,Up,1774570203
"Bitcoin Up or Down - March 26, 8:10PM-8:15PM ET",Buy,2.030769,4.230768,Up,1774570199
"Bitcoin Up or Down - March 26, 8:10PM-8:15PM ET",Buy,2.4,5,Down,1774570115
"Bitcoin Up or Down - March 26, 8:05PM-8:10PM ET",Buy,2.4,5,Up,1774569929
"Bitcoin Up or Down - March 26, 8:05PM-8:10PM ET",Buy,0.0336,0.07,Down,1774569905
"Bitcoin Up or Down - March 26, 8:05PM-8:10PM ET",Buy,2.3664,4.93,Down,1774569903
"Bitcoin Up or Down - March 26, 8:00PM-8:05PM ET",Buy,1.0656,2.22,Down,1774569605
"Bitcoin Up or Down - March 26, 8:00PM-8:05PM ET",Buy,1.3344,2.78,Down,1774569605
"Bitcoin Up or Down - March 26, 8:00PM-8:05PM ET",Buy,2.0976,4.37,Up,1774569597
"Bitcoin Up or Down - March 26, 8:00PM-8:05PM ET",Buy,0.3024,0.63,Up,1774569595
"Bitcoin Up or Down - March 26, 7:55PM-8:00PM ET",Buy,2.4,5,Down,1774569483
"Bitcoin Up or Down - March 26, 7:50PM-7:55PM ET",Buy,1.6608,3.46,Up,1774569065
"Bitcoin Up or Down - March 26, 7:50PM-7:55PM ET",Buy,0.7392,1.54,Up,1774569065
"Bitcoin Up or Down - March 26, 7:55PM-8:00PM ET",Buy,2.4,5,Up,1774569037
"Bitcoin Up or Down - March 26, 7:50PM-7:55PM ET",Buy,2.4,5,Down,1774568983
"Bitcoin Up or Down - March 26, 7:45PM-7:50PM ET",Buy,2.4,5,Up,1774568705
"Bitcoin Up or Down - March 26, 7:45PM-7:50PM ET",Buy,2.4,5,Down,1774568627
"Bitcoin Up or Down - March 26, 7:40PM-7:45PM ET",Buy,2.4,5,Down,1774568103
"Bitcoin Up or Down - March 26, 4:50PM-4:55PM ET",Buy,2.4,5,Up,1774558151
"Bitcoin Up or Down - March 26, 4:45PM-4:50PM ET",Buy,2.4,5,Down,1774557907
"Bitcoin Up or Down - March 26, 4:45PM-4:50PM ET",Buy,2.4,5,Up,1774557755
"Bitcoin Up or Down - March 26, 4:40PM-4:45PM ET",Buy,2.4,5,Up,1774557529
"Bitcoin Up or Down - March 26, 4:35PM-4:40PM ET",Buy,2.4,5,Down,1774557307
"Bitcoin Up or Down - March 26, 4:30PM-4:35PM ET",Buy,1.92,4,Down,1774557017
"Bitcoin Up or Down - March 26, 4:30PM-4:35PM ET",Buy,0.48,1,Down,1774557015
"Bitcoin Up or Down - March 26, 4:35PM-4:40PM ET",Buy,2.4,5,Up,1774557003
"Bitcoin Up or Down - March 26, 4:30PM-4:35PM ET",Buy,2.4,5,Up,1774556701
"Bitcoin Up or Down - March 26, 4:20PM-4:25PM ET",Buy,2.4,5,Down,1774556419
"Bitcoin Up or Down - March 26, 4:25PM-4:30PM ET",Buy,2.4,5,Up,1774556403
"Bitcoin Up or Down - March 26, 4:20PM-4:25PM ET",Buy,2.4,5,Up,1774556113
"Bitcoin Up or Down - March 26, 4:15PM-4:20PM ET",Buy,2.4,5,Down,1774556067
"Bitcoin Up or Down - March 26, 4:15PM-4:20PM ET",Buy,2.4,5,Up,1774555963
"Bitcoin Up or Down - March 26, 4:10PM-4:15PM ET",Buy,2.4,5,Down,1774555703
"Bitcoin Up or Down - March 26, 4:05PM-4:10PM ET",Buy,2.4,5,Down,1774555505
"Bitcoin Up or Down - March 26, 4:05PM-4:10PM ET",Buy,2.4,5,Up,1774555503
"Bitcoin Up or Down - March 26, 4:00PM-4:05PM ET",Buy,2.4,5,Up,1774555203
"Bitcoin Up or Down - March 26, 4:00PM-4:05PM ET",Buy,2.4,5,Down,1774555189
"Bitcoin Up or Down - March 26, 3:55PM-4:00PM ET",Buy,2.4,5,Down,1774554905
"Bitcoin Up or Down - March 26, 3:55PM-4:00PM ET",Buy,2.4,5,Up,1774554755
"Bitcoin Up or Down - March 26, 3:50PM-3:55PM ET",Buy,2.4,5,Down,1774554615
"Bitcoin Up or Down - March 26, 3:50PM-3:55PM ET",Buy,2.4,5,Up,1774554553
"Bitcoin Up or Down - March 26, 3:45PM-3:50PM ET",Buy,2.4,5,Up,1774554269
"Bitcoin Up or Down - March 26, 3:40PM-3:45PM ET",Buy,2.4,5,Up,1774554005
"Bitcoin Up or Down - March 26, 3:40PM-3:45PM ET",Buy,2.4,5,Down,1774553917
"Bitcoin Up or Down - March 26, 3:10PM-3:15PM ET",Buy,2.4,5,Down,1774552203
"Bitcoin Up or Down - March 26, 3:10PM-3:15PM ET",Buy,2.4,5,Up,1774552175
"Bitcoin Up or Down - March 26, 3:05PM-3:10PM ET",Buy,2.4,5,Down,1774551885
"Bitcoin Up or Down - March 26, 3:05PM-3:10PM ET",Buy,2.4,5,Up,1774551717
"Bitcoin Up or Down - March 26, 3:00PM-3:05PM ET",Buy,2.4,5,Up,1774551577
"Bitcoin Up or Down - March 26, 2:55PM-3:00PM ET",Buy,2.4,5,Down,1774551345
"Bitcoin Up or Down - March 26, 2:55PM-3:00PM ET",Buy,2.4,5,Up,1774551301
"Bitcoin Up or Down - March 26, 2:50PM-2:55PM ET",Buy,1.0608,2.21,Down,1774550875
"Bitcoin Up or Down - March 26, 2:50PM-2:55PM ET",Buy,1.335507,2.782306,Down,1774550873
"Bitcoin Up or Down - March 26, 2:50PM-2:55PM ET",Buy,2.4,5,Up,1774550807
"Bitcoin Up or Down - March 26, 2:40PM-2:45PM ET",Buy,2.4,5,Up,1774550407
"Bitcoin Up or Down - March 26, 2:35PM-2:40PM ET",Buy,2.4,5,Up,1774550117
"Bitcoin Up or Down - March 26, 2:40PM-2:45PM ET",Buy,2.4,5,Down,1774550103
"Bitcoin Up or Down - March 26, 2:30PM-2:35PM ET",Buy,2.4,5,Up,1774549821
"Bitcoin Up or Down - March 26, 2:35PM-2:40PM ET",Buy,2.4,5,Down,1774549803
"Bitcoin Up or Down - March 26, 2:25PM-2:30PM ET",Buy,2.4,5,Up,1774549543
"Bitcoin Up or Down - March 26, 2:30PM-2:35PM ET",Buy,2.4,5,Down,1774549503
"Bitcoin Up or Down - March 26, 2:20PM-2:25PM ET",Buy,2.4,5,Up,1774549355
"Bitcoin Up or Down - March 26, 2:25PM-2:30PM ET",Buy,2.4,5,Down,1774549147
"Bitcoin Up or Down - March 26, 2:15PM-2:20PM ET",Buy,2.4,5,Up,1774548911
"Bitcoin Up or Down - March 26, 2:20PM-2:25PM ET",Buy,2.4,5,Down,1774548905
"Bitcoin Up or Down - March 26, 2:10PM-2:15PM ET",Buy,2.4,5,Up,1774548611
"Bitcoin Up or Down - March 26, 2:15PM-2:20PM ET",Buy,2.4,5,Down,1774548603
"Bitcoin Up or Down - March 26, 2:05PM-2:10PM ET",Buy,2.4,5,Up,1774548315
"Bitcoin Up or Down - March 26, 2:10PM-2:15PM ET",Buy,2.4,5,Down,1774548251
"Bitcoin Up or Down - March 26, 2:05PM-2:10PM ET",Buy,2.4,5,Down,1774548003
"Bitcoin Up or Down - March 26, 2:00PM-2:05PM ET",Buy,2.4,5,Down,1774547703
"Bitcoin Up or Down - March 26, 1:50PM-1:55PM ET",Buy,2.4,5,Up,1774547417
"Bitcoin Up or Down - March 26, 1:55PM-2:00PM ET",Buy,2.4,5,Down,1774547403
"Bitcoin Up or Down - March 26, 1:50PM-1:55PM ET",Buy,2.4,5,Down,1774547265
"Bitcoin Up or Down - March 26, 1:45PM-1:50PM ET",Buy,2.4,5,Up,1774547105
"Bitcoin Up or Down - March 26, 1:45PM-1:50PM ET",Buy,2.4,5,Down,1774547077
"Bitcoin Up or Down - March 26, 1:40PM-1:45PM ET",Buy,2.4,5,Up,1774546683
"Bitcoin Up or Down - March 26, 1:35PM-1:40PM ET",Buy,2.4,5,Down,1774546507
"Bitcoin Up or Down - March 26, 1:35PM-1:40PM ET",Buy,2.4,5,Up,1774546445
"Bitcoin Up or Down - March 26, 1:30PM-1:35PM ET",Buy,0.2736,0.57,Up,1774546325
"Bitcoin Up or Down - March 26, 1:30PM-1:35PM ET",Buy,2.123076,4.423075,Up,1774546197
"Bitcoin Up or Down - March 26, 1:30PM-1:35PM ET",Buy,2.4,5,Down,1774546159
"Bitcoin Up or Down - March 26, 1:25PM-1:30PM ET",Buy,2.4,5,Down,1774545939
"Bitcoin Up or Down - March 26, 1:20PM-1:25PM ET",Buy,2.4,5,Up,1774545607
"Bitcoin Up or Down - March 26, 1:20PM-1:25PM ET",Buy,2.4,5,Down,1774545585
"Bitcoin Up or Down - March 26, 1:15PM-1:20PM ET",Buy,2.316923,4.826922,Up,1774545305
"Bitcoin Up or Down - March 26, 1:15PM-1:20PM ET",Buy,0.0816,0.17,Up,1774545305
"Bitcoin Up or Down - March 26, 1:15PM-1:20PM ET",Buy,2.4,5,Down,1774545163
"Bitcoin Up or Down - March 26, 1:10PM-1:15PM ET",Buy,2.4,5,Down,1774544999
"Bitcoin Up or Down - March 26, 1:05PM-1:10PM ET",Buy,2.4,5,Up,1774544743
"Bitcoin Up or Down - March 26, 1:05PM-1:10PM ET",Buy,2.4,5,Down,1774544577
"Bitcoin Up or Down - March 26, 1:00PM-1:05PM ET",Buy,2.4,5,Up,1774544411
"Bitcoin Up or Down - March 26, 1:00PM-1:05PM ET",Buy,2.4,5,Down,1774544399
"Bitcoin Up or Down - March 26, 12:55PM-1:00PM ET",Buy,2.4,5,Up,1774544105
"Bitcoin Up or Down - March 26, 12:55PM-1:00PM ET",Buy,2.4,5,Down,1774544033
"Bitcoin Up or Down - March 26, 12:50PM-12:55PM ET",Buy,0.312,0.65,Down,1774543815
"Bitcoin Up or Down - March 26, 12:50PM-12:55PM ET",Buy,2.088,4.35,Down,1774543815
"Bitcoin Up or Down - March 26, 12:50PM-12:55PM ET",Buy,2.4,5,Up,1774543785
"Bitcoin Up or Down - March 26, 12:45PM-12:50PM ET",Buy,2.4,5,Up,1774543541
"Bitcoin Up or Down - March 26, 12:45PM-12:50PM ET",Buy,2.4,5,Down,1774543465
"Bitcoin Up or Down - March 26, 12:40PM-12:45PM ET",Buy,2.4,5,Down,1774543207
"Bitcoin Up or Down - March 26, 12:40PM-12:45PM ET",Buy,2.4,5,Up,1774543075
"Bitcoin Up or Down - March 26, 12:35PM-12:40PM ET",Buy,1.464,3.05,Up,1774542917
"Bitcoin Up or Down - March 26, 12:35PM-12:40PM ET",Buy,0.932307,1.942306,Up,1774542917
"Bitcoin Up or Down - March 26, 12:35PM-12:40PM ET",Buy,2.4,5,Down,1774542603
"Bitcoin Up or Down - March 26, 12:30PM-12:35PM ET",Buy,2.4,5,Down,1774542575
"Bitcoin Up or Down - March 26, 12:30PM-12:35PM ET",Buy,1.728,3.6,Up,1774542447
"Bitcoin Up or Down - March 26, 12:30PM-12:35PM ET",Buy,0.672,1.4,Up,1774542441
"Bitcoin Up or Down - March 26, 12:25PM-12:30PM ET",Buy,2.4,5,Up,1774542309
"Bitcoin Up or Down - March 26, 12:25PM-12:30PM ET",Buy,1.3824,2.88,Down,1774542289
"Bitcoin Up or Down - March 26, 12:25PM-12:30PM ET",Buy,1.015384,2.115383,Down,1774542283
"Bitcoin Up or Down - March 26, 12:20PM-12:25PM ET",Buy,2.4,5,Up,1774541887
"Bitcoin Up or Down - March 26, 12:20PM-12:25PM ET",Buy,2.4,5,Down,1774541865
"Bitcoin Up or Down - March 26, 12:15PM-12:20PM ET",Buy,2.4,5,Up,1774541703
"Bitcoin Up or Down - March 26, 12:15PM-12:20PM ET",Buy,2.4,5,Down,1774541701
"Bitcoin Up or Down - March 26, 12:10PM-12:15PM ET",Buy,2.4,5,Up,1774541409
"Bitcoin Up or Down - March 26, 12:10PM-12:15PM ET",Buy,0.552,1.15,Down,1774541379
"Bitcoin Up or Down - March 26, 12:10PM-12:15PM ET",Buy,1.846153,3.846152,Down,1774541377
"Bitcoin Up or Down - March 26, 12:05PM-12:10PM ET",Buy,1.4736,3.07,Up,1774541133
"Bitcoin Up or Down - March 26, 12:05PM-12:10PM ET",Buy,0.923076,1.923075,Up,1774541133
"Bitcoin Up or Down - March 26, 12:05PM-12:10PM ET",Buy,0.9696,2.02,Down,1774541049
"Bitcoin Up or Down - March 26, 12:05PM-12:10PM ET",Buy,1.4304,2.98,Down,1774541043
"Bitcoin Up or Down - March 26, 12:00PM-12:05PM ET",Buy,2.4,5,Down,1774540803
"Bitcoin Up or Down - March 26, 12:00PM-12:05PM ET",Buy,2.4,5,Up,1774540795
"Bitcoin Up or Down - March 26, 11:55AM-12:00PM ET",Buy,2.4,5,Up,1774540475
"Bitcoin Up or Down - March 26, 11:50AM-11:55AM ET",Buy,1.8576,3.87,Up,1774540225
"Bitcoin Up or Down - March 26, 11:50AM-11:55AM ET",Buy,0.538061,1.12096,Up,1774540225
"Bitcoin Up or Down - March 26, 11:50AM-11:55AM ET",Buy,2.4,5,Down,1774540175
"Bitcoin Up or Down - March 26, 5:30AM-5:35AM ET",Buy,2.4,5,Down,1774517283
"Bitcoin Up or Down - March 26, 5:25AM-5:30AM ET",Buy,2.4,5,Up,1774517107
"Bitcoin Up or Down - March 26, 5:25AM-5:30AM ET",Buy,2.4,5,Down,1774517079
"Bitcoin Up or Down - March 26, 5:20AM-5:25AM ET",Buy,2.4,5,Down,1774516731
"Bitcoin Up or Down - March 26, 5:20AM-5:25AM ET",Buy,2.4,5,Up,1774516703
"Bitcoin Up or Down - March 26, 5:15AM-5:20AM ET",Buy,2.4,5,Up,1774516217
"Bitcoin Up or Down - March 26, 4:45AM-4:50AM ET",Buy,2.4,5,Up,1774514671
"Bitcoin Up or Down - March 26, 4:45AM-4:50AM ET",Buy,2.4,5,Down,1774514669
"Bitcoin Up or Down - March 26, 4:40AM-4:45AM ET",Buy,2.4,5,Up,1774514399
"Bitcoin Up or Down - March 26, 4:40AM-4:45AM ET",Buy,1.3632,2.84,Down,1774514335
"Bitcoin Up or Down - March 26, 4:40AM-4:45AM ET",Buy,1.0368,2.16,Down,1774514327
"Bitcoin Up or Down - March 26, 4:35AM-4:40AM ET",Buy,2.4,5,Up,1774514273
"Bitcoin Up or Down - March 26, 4:35AM-4:40AM ET",Buy,2.4,5,Down,1774513801
"Bitcoin Up or Down - March 26, 4:05AM-4:10AM ET",Buy,2.4,5,Up,1774512299
"Bitcoin Up or Down - March 26, 4:05AM-4:10AM ET",Buy,2.4,5,Down,1774512199
"Bitcoin Up or Down - March 26, 4:00AM-4:05AM ET",Buy,2.4,5,Down,1774512005
"Bitcoin Up or Down - March 26, 4:00AM-4:05AM ET",Buy,2.4,5,Up,1774511917
"Bitcoin Up or Down - March 26, 3:55AM-4:00AM ET",Buy,2.4,5,Up,1774511695
"Bitcoin Up or Down - March 26, 3:55AM-4:00AM ET",Buy,2.4,5,Down,1774511691
"Bitcoin Up or Down - March 26, 3:50AM-3:55AM ET",Buy,2.4,5,Down,1774511399
"Bitcoin Up or Down - March 26, 3:35AM-3:40AM ET",Buy,2.4,5,Up,1774510507
"Bitcoin Up or Down - March 26, 3:30AM-3:35AM ET",Buy,2.4,5,Up,1774510205
"Bitcoin Up or Down - March 26, 3:25AM-3:30AM ET",Buy,2.4,5,Up,1774509913
"Bitcoin Up or Down - March 26, 3:25AM-3:30AM ET",Buy,0.0576,0.12,Down,1774509827
"Bitcoin Up or Down - March 26, 3:25AM-3:30AM ET",Buy,1.128,2.35,Down,1774509815
"Bitcoin Up or Down - March 26, 3:25AM-3:30AM ET",Buy,1.212184,2.525383,Down,1774509813
"Bitcoin Up or Down - March 26, 3:20AM-3:25AM ET",Buy,2.4,5,Down,1774509729
"Bitcoin Up or Down - March 26, 3:20AM-3:25AM ET",Buy,2.4,5,Up,1774509605
"Bitcoin Up or Down - March 26, 3:15AM-3:20AM ET",Buy,2.4,5,Up,1774509279
"Bitcoin Up or Down - March 26, 3:10AM-3:15AM ET",Buy,2.4,5,Up,1774508973
"Bitcoin Up or Down - March 26, 3:10AM-3:15AM ET",Buy,2.4,5,Down,1774508933
"Bitcoin Up or Down - March 26, 3:15AM-3:20AM ET",Buy,2.4,5,Down,1774508909
"Bitcoin Up or Down - March 26, 3:05AM-3:10AM ET",Buy,2.4,5,Up,1774508699
"Bitcoin Up or Down - March 26, 3:05AM-3:10AM ET",Buy,2.4,5,Down,1774508543
"Bitcoin Up or Down - March 26, 3:00AM-3:05AM ET",Buy,2.4,5,Down,1774508401
"Bitcoin Up or Down - March 26, 2:55AM-3:00AM ET",Buy,2.4,5,Up,1774508203
"Bitcoin Up or Down - March 26, 2:55AM-3:00AM ET",Buy,2.4,5,Down,1774508069
"Bitcoin Up or Down - March 26, 2:50AM-2:55AM ET",Buy,2.4,5,Up,1774507811
"Bitcoin Up or Down - March 26, 2:50AM-2:55AM ET",Buy,2.4,5,Down,1774507755
"Bitcoin Up or Down - March 26, 2:45AM-2:50AM ET",Buy,2.4,5,Up,1774507507
"Bitcoin Up or Down - March 26, 2:40AM-2:45AM ET",Buy,2.4,5,Up,1774507297
"Bitcoin Up or Down - March 26, 2:45AM-2:50AM ET",Buy,1.392,2.9,Down,1774507257
"Bitcoin Up or Down - March 26, 2:45AM-2:50AM ET",Buy,0.923076,1.923075,Down,1774507253
"Bitcoin Up or Down - March 26, 2:45AM-2:50AM ET",Buy,0.0816,0.17,Down,1774507241
"Bitcoin Up or Down - March 26, 2:40AM-2:45AM ET",Buy,2.4,5,Down,1774507181
"Bitcoin Up or Down - March 26, 2:35AM-2:40AM ET",Buy,2.4,5,Up,1774506917
"Bitcoin Up or Down - March 26, 2:35AM-2:40AM ET",Buy,0.2784,0.58,Down,1774506905
"Bitcoin Up or Down - March 26, 2:35AM-2:40AM ET",Buy,0.732553,1.526152,Down,1774506905
"Bitcoin Up or Down - March 26, 2:35AM-2:40AM ET",Buy,1.384615,2.884614,Down,1774506905
"Bitcoin Up or Down - March 26, 2:30AM-2:35AM ET",Buy,2.4,5,Up,1774506615
"Bitcoin Up or Down - March 26, 2:30AM-2:35AM ET",Buy,2.4,5,Down,1774506545
"Bitcoin Up or Down - March 26, 2:25AM-2:30AM ET",Buy,2.4,5,Up,1774506279
"Bitcoin Up or Down - March 26, 2:25AM-2:30AM ET",Buy,2.4,5,Down,1774506007
"Bitcoin Up or Down - March 26, 2:20AM-2:25AM ET",Buy,2.4,5,Up,1774506007
"Bitcoin Up or Down - March 26, 2:20AM-2:25AM ET",Buy,2.4,5,Down,1774505717
"Bitcoin Up or Down - March 26, 2:15AM-2:20AM ET",Buy,1.8048,3.76,Down,1774505603
"Bitcoin Up or Down - March 26, 2:15AM-2:20AM ET",Buy,2.4,5,Up,1774505595
"Bitcoin Up or Down - March 26, 2:15AM-2:20AM ET",Buy,0.592246,1.233845,Down,1774505591
"Bitcoin Up or Down - March 26, 2:10AM-2:15AM ET",Buy,2.4,5,Up,1774505407
"Bitcoin Up or Down - March 26, 2:05AM-2:10AM ET",Buy,2.4,5,Up,1774505131
"Bitcoin Up or Down - March 26, 2:10AM-2:15AM ET",Buy,2.4,5,Down,1774505107
"Bitcoin Up or Down - March 26, 2:00AM-2:05AM ET",Buy,2.4,5,Up,1774504807
"Bitcoin Up or Down - March 26, 2:05AM-2:10AM ET",Buy,2.4,5,Down,1774504745
"Bitcoin Up or Down - March 26, 2:00AM-2:05AM ET",Buy,1.8864,3.93,Down,1774504499
"Bitcoin Up or Down - March 26, 2:00AM-2:05AM ET",Buy,0.510276,1.063075,Down,1774504483
"Bitcoin Up or Down - March 26, 1:55AM-2:00AM ET",Buy,2.4,5,Up,1774504447
"Bitcoin Up or Down - March 26, 1:55AM-2:00AM ET",Buy,2.4,5,Down,1774504319
"Bitcoin Up or Down - March 26, 1:50AM-1:55AM ET",Buy,2.4,5,Up,1774504207
"Bitcoin Up or Down - March 26, 1:45AM-1:50AM ET",Buy,2.4,5,Up,1774503913
"Bitcoin Up or Down - March 26, 1:50AM-1:55AM ET",Buy,2.4,5,Down,1774503847
"Bitcoin Up or Down - March 26, 1:45AM-1:50AM ET",Buy,2.4,5,Down,1774503693
"Bitcoin Up or Down - March 26, 1:40AM-1:45AM ET",Buy,2.064,4.3,Up,1774503609
"Bitcoin Up or Down - March 26, 1:40AM-1:45AM ET",Buy,0.336,0.7,Up,1774503609
"Bitcoin Up or Down - March 26, 1:40AM-1:45AM ET",Buy,2.4,5,Down,1774503593
"Bitcoin Up or Down - March 26, 1:25AM-1:30AM ET",Buy,2.4,5,Up,1774502711
"Bitcoin Up or Down - March 26, 1:25AM-1:30AM ET",Buy,2.4,5,Down,1774502415
"Bitcoin Up or Down - March 26, 1:20AM-1:25AM ET",Buy,2.4,5,Down,1774502045
"Bitcoin Up or Down - March 26, 1:15AM-1:20AM ET",Buy,2.4,5,Up,1774501999
"Bitcoin Up or Down - March 26, 1:15AM-1:20AM ET",Buy,2.4,5,Down,1774501745
"Bitcoin Up or Down - March 26, 1:10AM-1:15AM ET",Buy,2.4,5,Up,1774501693
"Bitcoin Up or Down - March 26, 1:10AM-1:15AM ET",Buy,0.9312,1.94,Down,1774501573
"Bitcoin Up or Down - March 26, 1:10AM-1:15AM ET",Buy,1.465107,3.052306,Down,1774501539
"Bitcoin Up or Down - March 26, 1:05AM-1:10AM ET",Buy,2.4,5,Up,1774501505
"Bitcoin Up or Down - March 26, 1:05AM-1:10AM ET",Buy,2.4,5,Down,1774501447
"Bitcoin Up or Down - March 26, 1:00AM-1:05AM ET",Buy,2.4,5,Up,1774501211
"Bitcoin Up or Down - March 26, 1:00AM-1:05AM ET",Buy,2.4,5,Down,1774501123
"Bitcoin Up or Down - March 26, 12:55AM-1:00AM ET",Buy,2.4,5,Down,1774500877
"Bitcoin Up or Down - March 26, 12:55AM-1:00AM ET",Buy,2.4,5,Up,1774500849
"Bitcoin Up or Down - March 26, 12:50AM-12:55AM ET",Buy,2.4,5,Up,1774500573
"Bitcoin Up or Down - March 26, 12:50AM-12:55AM ET",Buy,2.4,5,Down,1774500533
"Bitcoin Up or Down - March 26, 12:45AM-12:50AM ET",Buy,2.4,5,Down,1774500307
"Bitcoin Up or Down - March 26, 12:45AM-12:50AM ET",Buy,2.4,5,Up,1774500261
"Bitcoin Up or Down - March 26, 12:40AM-12:45AM ET",Buy,0.6816,1.42,Up,1774500009
"Bitcoin Up or Down - March 26, 12:40AM-12:45AM ET",Buy,1.716923,3.576922,Up,1774500009
"Bitcoin Up or Down - March 26, 12:40AM-12:45AM ET",Buy,2.4,5,Down,1774499945
"Bitcoin Up or Down - March 26, 12:35AM-12:40AM ET",Buy,2.4,5,Down,1774499707
"Bitcoin Up or Down - March 26, 12:35AM-12:40AM ET",Buy,2.4,5,Up,1774499649
"Bitcoin Up or Down - March 26, 12:30AM-12:35AM ET",Buy,2.4,5,Up,1774499493
"Bitcoin Up or Down - March 26, 12:30AM-12:35AM ET",Buy,2.4,5,Down,1774499347
"Bitcoin Up or Down - March 25, 9:45PM-9:50PM ET",Buy,2.4,5,Up,1774489447
"Bitcoin Up or Down - March 25, 8:50PM-8:55PM ET",Buy,2.4,5,Up,1774486227
"Bitcoin Up or Down - March 25, 8:50PM-8:55PM ET",Buy,2.4,5,Down,1774486113
"Bitcoin Up or Down - March 25, 8:10PM-8:15PM ET",Buy,2.4,5,Down,1774483815
"Bitcoin Up or Down - March 25, 8:10PM-8:15PM ET",Buy,2.4,5,Up,1774483547
"Bitcoin Up or Down - March 25, 7:30PM-7:35PM ET",Buy,2.4,5,Down,1774481407
"Bitcoin Up or Down - March 25, 7:25PM-7:30PM ET",Buy,2.4,5,Down,1774481075
"Bitcoin Up or Down - March 25, 7:20PM-7:25PM ET",Buy,2.4,5,Down,1774480865
"Bitcoin Up or Down - March 25, 7:25PM-7:30PM ET",Buy,2.4,5,Up,1774480815
"Bitcoin Up or Down - March 25, 7:20PM-7:25PM ET",Buy,2.4,5,Up,1774480561
"Bitcoin Up or Down - March 25, 7:10PM-7:15PM ET",Buy,1.6032,3.34,Down,1774480217
"Bitcoin Up or Down - March 25, 7:10PM-7:15PM ET",Buy,0.796523,1.659422,Down,1774480217
"Bitcoin Up or Down - March 25, 7:15PM-7:20PM ET",Buy,2.4,5,Up,1774480147
"Bitcoin Up or Down - March 25, 7:10PM-7:15PM ET",Buy,1.056,2.2,Up,1774479913
"Bitcoin Up or Down - March 25, 7:10PM-7:15PM ET",Buy,1.342892,2.797691,Up,1774479909
"Bitcoin Up or Down - March 25, 7:05PM-7:10PM ET",Buy,2.4,5,Up,1774479763
"Bitcoin Up or Down - March 25, 7:00PM-7:05PM ET",Buy,2.4,5,Down,1774479609
"Bitcoin Up or Down - March 25, 7:00PM-7:05PM ET",Buy,2.4,5,Up,1774479487
"Bitcoin Up or Down - March 25, 6:55PM-7:00PM ET",Buy,2.4,5,Down,1774479311
"Bitcoin Up or Down - March 25, 6:55PM-7:00PM ET",Buy,2.4,5,Up,1774479003
"Bitcoin Up or Down - March 25, 6:45PM-6:50PM ET",Buy,2.4,5,Down,1774478729
"Bitcoin Up or Down - March 25, 6:50PM-6:55PM ET",Buy,2.4,5,Up,1774478647
"Bitcoin Up or Down - March 25, 6:40PM-6:45PM ET",Buy,2.4,5,Down,1774478449
"Bitcoin Up or Down - March 25, 6:45PM-6:50PM ET",Buy,2.4,5,Up,1774478403
"Bitcoin Up or Down - March 25, 6:35PM-6:40PM ET",Buy,2.4,5,Down,1774478191
"Bitcoin Up or Down - March 25, 6:40PM-6:45PM ET",Buy,2.4,5,Up,1774478103
"Bitcoin Up or Down - March 25, 6:35PM-6:40PM ET",Buy,2.4,5,Up,1774477851
"Bitcoin Up or Down - March 25, 6:30PM-6:35PM ET",Buy,2.4,5,Down,1774477807
"Bitcoin Up or Down - March 25, 6:30PM-6:35PM ET",Buy,2.4,5,Up,1774477751
"Bitcoin Up or Down - March 25, 6:25PM-6:30PM ET",Buy,2.4,5,Up,1774477641
"Bitcoin Up or Down - March 25, 6:25PM-6:30PM ET",Buy,2.4,5,Down,1774477351
"Bitcoin Up or Down - March 25, 6:20PM-6:25PM ET",Buy,2.4,5,Up,1774477233
"Bitcoin Up or Down - March 25, 6:20PM-6:25PM ET",Buy,2.4,5,Down,1774477057
"Bitcoin Up or Down - March 25, 6:15PM-6:20PM ET",Buy,2.4,5,Up,1774476875
"Bitcoin Up or Down - March 25, 6:15PM-6:20PM ET",Buy,2.4,5,Down,1774476845
"Bitcoin Up or Down - March 25, 6:10PM-6:15PM ET",Buy,0.3648,0.76,Down,1774476617
"Bitcoin Up or Down - March 25, 6:10PM-6:15PM ET",Buy,2.030769,4.230768,Down,1774476617
"Bitcoin Up or Down - March 25, 6:10PM-6:15PM ET",Buy,2.4,5,Up,1774476523
"Bitcoin Up or Down - March 25, 6:05PM-6:10PM ET",Buy,2.4,5,Down,1774476245
"Bitcoin Up or Down - March 25, 6:05PM-6:10PM ET",Buy,2.4,5,Up,1774476217
"Bitcoin Up or Down - March 25, 5:25PM-5:30PM ET",Buy,2.4,5,Up,1774473847
"Bitcoin Up or Down - March 25, 5:20PM-5:25PM ET",Buy,2.4,5,Up,1774473309
"Bitcoin Up or Down - March 25, 5:15PM-5:20PM ET",Buy,2.4,5,Up,1774473299
"Bitcoin Up or Down - March 25, 5:15PM-5:20PM ET",Buy,2.4,5,Down,1774473131
"Bitcoin Up or Down - March 25, 5:10PM-5:15PM ET",Buy,2.4,5,Down,1774472991
"Bitcoin Up or Down - March 25, 5:05PM-5:10PM ET",Buy,2.4,5,Down,1774472941
"Bitcoin Up or Down - March 25, 5:10PM-5:15PM ET",Buy,2.4,5,Up,1774472827
"Bitcoin Up or Down - March 25, 5:05PM-5:10PM ET",Buy,2.4,5,Up,1774472539
"Bitcoin Up or Down - March 25, 4:05PM-4:10PM ET",Buy,2.4,5,Down,1774468819
"Bitcoin Up or Down - March 25, 4:00PM-4:05PM ET",Buy,2.4,5,Down,1774468569
"Bitcoin Up or Down - March 25, 3:20PM-3:25PM ET",Buy,2.4,5,Up,1774466409
"Bitcoin Up or Down - March 25, 3:20PM-3:25PM ET",Buy,2.4,5,Down,1774465973
"Bitcoin Up or Down - March 25, 2:30PM-2:35PM ET",Buy,0.7152,1.49,Down,1774463405
"Bitcoin Up or Down - March 25, 2:30PM-2:35PM ET",Buy,1.6848,3.51,Down,1774463405
"Bitcoin Up or Down - March 25, 2:30PM-2:35PM ET",Buy,2.4,5,Up,1774463269
"Bitcoin Up or Down - March 25, 1:50PM-1:55PM ET",Buy,2.4,5,Up,1774461009
"Bitcoin Up or Down - March 25, 1:50PM-1:55PM ET",Buy,2.4,5,Down,1774460703
"Bitcoin Up or Down - March 25, 12:55PM-1:00PM ET",Buy,2.4,5,Up,1774457767
"Bitcoin Up or Down - March 25, 12:55PM-1:00PM ET",Buy,0.0432,0.09,Down,1774457683
"Bitcoin Up or Down - March 25, 12:55PM-1:00PM ET",Buy,2.3568,4.91,Down,1774457679
"Bitcoin Up or Down - March 25, 12:50PM-12:55PM ET",Buy,1.2432,2.59,Up,1774457337
"Bitcoin Up or Down - March 25, 12:50PM-12:55PM ET",Buy,1.7328,3.61,Down,1774457295
"Bitcoin Up or Down - March 25, 12:50PM-12:55PM ET",Buy,0.664246,1.383845,Down,1774457293
"Bitcoin Up or Down - March 25, 12:50PM-12:55PM ET",Buy,1.1568,2.41,Up,1774457255
"Bitcoin Up or Down - March 25, 12:45PM-12:50PM ET",Buy,2.4,5,Up,1774456801
"Bitcoin Up or Down - March 25, 12:40PM-12:45PM ET",Buy,2.4,5,Up,1774456499
"Bitcoin Up or Down - March 25, 12:35PM-12:40PM ET",Buy,2.4,5,Up,1774456147
"Bitcoin Up or Down - March 25, 12:30PM-12:35PM ET",Buy,2.4,5,Up,1774456041
"Bitcoin Up or Down - March 25, 12:20PM-12:25PM ET",Buy,2.4,5,Up,1774455713
"Bitcoin Up or Down - March 25, 12:15PM-12:20PM ET",Buy,2.4,5,Up,1774455305
"Bitcoin Up or Down - March 25, 12:20PM-12:25PM ET",Buy,2.4,5,Down,1774455301
"Bitcoin Up or Down - March 25, 12:15PM-12:20PM ET",Buy,2.4,5,Down,1774455209
"Bitcoin Up or Down - March 25, 12:10PM-12:15PM ET",Buy,2.4,5,Up,1774455007
"Bitcoin Up or Down - March 25, 12:10PM-12:15PM ET",Buy,2.4,5,Down,1774454703
"Bitcoin Up or Down - March 25, 11:40AM-11:45AM ET",Buy,2.4,5,Down,1774453177
"Bitcoin Up or Down - March 25, 11:35AM-11:40AM ET",Buy,2.4,5,Down,1774452905
"Bitcoin Up or Down - March 25, 11:40AM-11:45AM ET",Buy,2.4,5,Up,1774452895
"Bitcoin Up or Down - March 25, 11:35AM-11:40AM ET",Buy,2.4,5,Up,1774452675
"Bitcoin Up or Down - March 25, 11:30AM-11:35AM ET",Buy,2.4,5,Up,1774452623
"Bitcoin Up or Down - March 25, 11:30AM-11:35AM ET",Buy,2.4,5,Down,1774452091
"Bitcoin Up or Down - March 25, 10:55AM-11:00AM ET",Buy,2.4,5,Up,1774450505
"Bitcoin Up or Down - March 25, 10:55AM-11:00AM ET",Buy,2.4,5,Down,1774450341
"Bitcoin Up or Down - March 25, 10:50AM-10:55AM ET",Buy,2.4,5,Up,1774450223
"Bitcoin Up or Down - March 25, 10:50AM-10:55AM ET",Buy,2.4,5,Down,1774450161
"Bitcoin Up or Down - March 25, 10:45AM-10:50AM ET",Buy,2.4,5,Up,1774449907
"Bitcoin Up or Down - March 25, 10:40AM-10:45AM ET",Buy,2.4,5,Up,1774449609
"Bitcoin Up or Down - March 25, 10:45AM-10:50AM ET",Buy,2.4,5,Down,1774449603
"Bitcoin Up or Down - March 25, 10:40AM-10:45AM ET",Buy,0.144,0.3,Down,1774449341
"Bitcoin Up or Down - March 25, 10:40AM-10:45AM ET",Buy,2.253784,4.695383,Down,1774449339
"Bitcoin Up or Down - March 25, 10:35AM-10:40AM ET",Buy,2.4,5,Up,1774449335
"Bitcoin Up or Down - March 25, 10:30AM-10:35AM ET",Buy,2.4,5,Up,1774449043
"Bitcoin Up or Down - March 25, 10:35AM-10:40AM ET",Buy,2.4,5,Down,1774448979
"Bitcoin Up or Down - March 25, 10:30AM-10:35AM ET",Buy,2.4,5,Down,1774448717
"Bitcoin Up or Down - March 25, 10:20AM-10:25AM ET",Buy,2.4,5,Up,1774448687
"Bitcoin Up or Down - March 25, 10:25AM-10:30AM ET",Buy,2.4,5,Down,1774448403
"Bitcoin Up or Down - March 25, 10:15AM-10:20AM ET",Buy,0.1824,0.38,Up,1774448381
"Bitcoin Up or Down - March 25, 10:15AM-10:20AM ET",Buy,2.2164,4.6175,Up,1774448381
"Bitcoin Up or Down - March 25, 10:15AM-10:20AM ET",Buy,19.999999,22.418069,Up,1774448295
"Bitcoin Up or Down - March 25, 10:20AM-10:25AM ET",Buy,2.4,5,Down,1774448047
"Bitcoin Up or Down - March 25, 10:15AM-10:20AM ET",Buy,2.4,5,Down,1774447747
"Bitcoin Up or Down - March 25, 10:10AM-10:15AM ET",Buy,2.4,5,Up,1774447741
"Bitcoin Up or Down - March 25, 10:05AM-10:10AM ET",Buy,2.4,5,Up,1774447513
"Bitcoin Up or Down - March 25, 10:10AM-10:15AM ET",Buy,2.4,5,Down,1774447447
"Bitcoin Up or Down - March 25, 10:05AM-10:10AM ET",Buy,2.4,5,Down,1774447259
"Bitcoin Up or Down - March 25, 9:55AM-10:00AM ET",Buy,2.4,5,Up,1774447149
"Bitcoin Up or Down - March 25, 10:00AM-10:05AM ET",Buy,2.4,5,Down,1774446819
"Bitcoin Up or Down - March 25, 10:00AM-10:05AM ET",Buy,2.4,5,Up,1774446679
"Bitcoin Up or Down - March 25, 9:55AM-10:00AM ET",Buy,2.4,5,Down,1774446671
"Bitcoin Up or Down - March 25, 9:50AM-9:55AM ET",Buy,2.4,5,Up,1774446531
"Bitcoin Up or Down - March 25, 9:50AM-9:55AM ET",Buy,2.4,5,Down,1774446427
"Bitcoin Up or Down - March 25, 9:45AM-9:50AM ET",Buy,2.4,5,Down,1774446311
"Bitcoin Up or Down - March 25, 9:45AM-9:50AM ET",Buy,2.4,5,Up,1774446001
"Bitcoin Up or Down - March 25, 9:40AM-9:45AM ET",Buy,2.4,5,Up,1774445819
"Bitcoin Up or Down - March 25, 9:35AM-9:40AM ET",Buy,2.4,5,Up,1774445499
"Bitcoin Up or Down - March 25, 9:35AM-9:40AM ET",Buy,2.4,5,Down,1774445423
"Bitcoin Up or Down - March 25, 9:30AM-9:35AM ET",Buy,2.4,5,Down,1774445339
"Bitcoin Up or Down - March 25, 9:25AM-9:30AM ET",Buy,2.4,5,Up,1774445111
"Bitcoin Up or Down - March 25, 9:20AM-9:25AM ET",Buy,2.4,5,Down,1774444805
"Bitcoin Up or Down - March 25, 9:25AM-9:30AM ET",Buy,2.4,5,Down,1774444749
"Bitcoin Up or Down - March 25, 9:20AM-9:25AM ET",Buy,2.4,5,Up,1774444575
"Bitcoin Up or Down - March 25, 9:15AM-9:20AM ET",Buy,2.4,5,Up,1774444495
"Bitcoin Up or Down - March 25, 9:10AM-9:15AM ET",Buy,2.4,5,Down,1774444215
"Bitcoin Up or Down - March 25, 9:05AM-9:10AM ET",Buy,2.4,5,Down,1774443907
"Bitcoin Up or Down - March 25, 9:10AM-9:15AM ET",Buy,2.4,5,Up,1774443739
"Bitcoin Up or Down - March 25, 9:15AM-9:20AM ET",Buy,2.4,5,Down,1774443705
"Bitcoin Up or Down - March 25, 9:05AM-9:10AM ET",Buy,2.4,5,Up,1774443601
"Bitcoin Up or Down - March 25, 8:50AM-8:55AM ET",Buy,2.4,5,Down,1774442977
"Bitcoin Up or Down - March 25, 8:50AM-8:55AM ET",Buy,2.4,5,Up,1774442947
"Bitcoin Up or Down - March 25, 8:45AM-8:50AM ET",Buy,2.4,5,Up,1774442573
"Bitcoin Up or Down - March 25, 8:40AM-8:45AM ET",Buy,2.4,5,Down,1774442401
"Bitcoin Up or Down - March 25, 8:40AM-8:45AM ET",Buy,2.4,5,Up,1774442163
"Bitcoin Up or Down - March 25, 8:35AM-8:40AM ET",Buy,1.2048,2.51,Up,1774442123
"Bitcoin Up or Down - March 25, 8:35AM-8:40AM ET",Buy,1.1952,2.49,Up,1774442123
"Bitcoin Up or Down - March 25, 8:35AM-8:40AM ET",Buy,2.4,5,Down,1774441845
"Bitcoin Up or Down - March 25, 8:30AM-8:35AM ET",Buy,2.4,5,Up,1774441667
"Bitcoin Up or Down - March 25, 8:25AM-8:30AM ET",Buy,2.1648,4.51,Up,1774441511
"Bitcoin Up or Down - March 25, 8:25AM-8:30AM ET",Buy,0.2352,0.49,Up,1774441511
"Bitcoin Up or Down - March 25, 8:30AM-8:35AM ET",Buy,2.4,5,Down,1774441499
"Bitcoin Up or Down - March 25, 8:25AM-8:30AM ET",Buy,2.4,5,Down,1774441201
"Bitcoin Up or Down - March 25, 8:20AM-8:25AM ET",Buy,2.4,5,Up,1774441131
"Bitcoin Up or Down - March 25, 8:20AM-8:25AM ET",Buy,2.4,5,Down,1774441047
"Bitcoin Up or Down - March 25, 8:10AM-8:15AM ET",Buy,2.4,5,Down,1774440661
"Bitcoin Up or Down - March 25, 8:15AM-8:20AM ET",Buy,2.4,5,Up,1774440609
"Bitcoin Up or Down - March 25, 8:05AM-8:10AM ET",Buy,2.4,5,Down,1774440369
"Bitcoin Up or Down - March 25, 8:10AM-8:15AM ET",Buy,2.4,5,Up,1774440179
"Bitcoin Up or Down - March 25, 8:05AM-8:10AM ET",Buy,2.4,5,Up,1774440127
"Bitcoin Up or Down - March 25, 8:00AM-8:05AM ET",Buy,2.4,5,Up,1774439859
"Bitcoin Up or Down - March 25, 7:55AM-8:00AM ET",Buy,2.4,5,Up,1774439631
"Bitcoin Up or Down - March 25, 7:55AM-8:00AM ET",Buy,0.6672,1.39,Down,1774439547
"Bitcoin Up or Down - March 25, 7:55AM-8:00AM ET",Buy,1.730953,3.606152,Down,1774439531
"Bitcoin Up or Down - March 25, 7:50AM-7:55AM ET",Buy,2.4,5,Down,1774439309
"Bitcoin Up or Down - March 25, 7:50AM-7:55AM ET",Buy,0.8112,1.69,Up,1774439145
"Bitcoin Up or Down - March 25, 7:50AM-7:55AM ET",Buy,0.9264,1.93,Up,1774439127
"Bitcoin Up or Down - March 25, 7:45AM-7:50AM ET",Buy,1.1712,2.44,Down,1774439121
"Bitcoin Up or Down - March 25, 7:45AM-7:50AM ET",Buy,1.2288,2.56,Down,1774439121
"Bitcoin Up or Down - March 25, 7:50AM-7:55AM ET",Buy,0.661292,1.377691,Up,1774439115
"Bitcoin Up or Down - March 25, 7:40AM-7:45AM ET",Buy,2.4,5,Down,1774438809
"Bitcoin Up or Down - March 25, 7:45AM-7:50AM ET",Buy,2.4,5,Up,1774438543
"Bitcoin Up or Down - March 25, 7:35AM-7:40AM ET",Buy,2.4,5,Down,1774438511
"Bitcoin Up or Down - March 25, 7:40AM-7:45AM ET",Buy,2.4,5,Up,1774438385
"Bitcoin Up or Down - March 25, 7:30AM-7:35AM ET",Buy,1.1952,2.49,Down,1774438229
"Bitcoin Up or Down - March 25, 7:30AM-7:35AM ET",Buy,1.2048,2.51,Down,1774438223
"Bitcoin Up or Down - March 25, 7:35AM-7:40AM ET",Buy,2.4,5,Up,1774438119
"Bitcoin Up or Down - March 25, 7:25AM-7:30AM ET",Buy,2.4,5,Down,1774437951
"Bitcoin Up or Down - March 25, 7:30AM-7:35AM ET",Buy,2.4,5,Up,1774437901
"Bitcoin Up or Down - March 25, 7:20AM-7:25AM ET",Buy,2.4,5,Down,1774437615
"Bitcoin Up or Down - March 25, 7:25AM-7:30AM ET",Buy,2.4,5,Up,1774437603
"Bitcoin Up or Down - March 25, 7:15AM-7:20AM ET",Buy,2.4,5,Down,1774437305
"Bitcoin Up or Down - March 25, 7:20AM-7:25AM ET",Buy,2.4,5,Up,1774437303
"Bitcoin Up or Down - March 25, 7:15AM-7:20AM ET",Buy,2.4,5,Up,1774437169
"Bitcoin Up or Down - March 25, 7:10AM-7:15AM ET",Buy,2.4,5,Up,1774437003
"Bitcoin Up or Down - March 25, 7:10AM-7:15AM ET",Buy,1.944,4.05,Down,1774436755
"Bitcoin Up or Down - March 25, 7:10AM-7:15AM ET",Buy,0.456,0.95,Down,1774436753
"Bitcoin Up or Down - March 25, 7:05AM-7:10AM ET",Buy,2.4,5,Down,1774436711
"Bitcoin Up or Down - March 25, 7:05AM-7:10AM ET",Buy,2.4,5,Up,1774436695
"Bitcoin Up or Down - March 25, 7:00AM-7:05AM ET",Buy,2.4,5,Down,1774436427